FlightNumber,Airline,DepartureTime,ArrivalTime,FlightStatus,DelayMinutes,Temperature(C),Visibility(km),WindSpeed(km/h)
FL2824,Delta,2026-07-28 15:59:54,2026-07-28 17:59:54,Delayed,66,3,5,34
FL4582,United,2026-08-08 08:45:54,2026-08-08 13:45:54,Delayed,61,7,25,26
FL1106,United,2026-08-02 15:05:54,2026-08-02 18:05:54,Delayed,81,4,10,21
FL5333,Delta,2026-08-03 16:18:54,2026-08-03 17:18:54,Delayed,106,19,5,35
FL2139,Delta,2026-07-27 14:33:54,2026-07-27 17:33:54,Delayed,69,0,10,6
FL3664,American,2026-07-26 04:26:54,2026-07-26 07:26:54,Delayed,47,39,5,10
FL8573,Southwest,2026-08-18 01:24:54,2026-08-18 07:24:54,On-time,0,30,10,20
FL1916,United,2026-08-13 18:04:54,2026-08-13 22:04:54,Delayed,94,12,5,13
FL9179,Southwest,2026-08-03 12:53:54,2026-08-03 15:53:54,Delayed,94,3,10,35
FL6930,United,2026-08-04 21:15:54,2026-08-04 22:15:54,Delayed,90,-2,5,9
FL7304,Southwest,2026-08-03 12:17:54,2026-08-03 15:17:54,On-time,0,30,5,7
FL9797,American,2026-07-30 12:51:54,2026-07-30 15:51:54,Delayed,89,22,10,29
FL9317,Delta,2026-07-29 13:37:54,2026-07-29 19:37:54,Delayed,54,27,25,12
FL9837,JetBlue,2026-08-07 17:04:54,2026-08-07 21:04:54,Delayed,108,-4,5,23
FL4946,JetBlue,2026-07-21 19:30:54,2026-07-21 23:30:54,Delayed,72,-1,25,8
FL3705,American,2026-08-16 09:22:54,2026-08-16 13:22:54,On-time,0,8,25,12
FL7537,American,2026-08-17 07:17:54,2026-08-17 11:17:54,Delayed,43,2,10,14
FL4770,JetBlue,2026-07-19 23:48:54,2026-07-20 05:48:54,Delayed,61,35,5,14
FL9423,United,2026-08-10 01:15:54,2026-08-10 03:15:54,Delayed,67,29,10,30
FL2545,Delta,2026-08-02 14:06:54,2026-08-02 18:06:54,On-time,0,21,20,3
FL2612,Delta,2026-08-12 05:05:54,2026-08-12 06:05:54,On-time,0,10,10,12
FL3296,Southwest,2026-07-27 22:13:54,2026-07-28 00:13:54,Delayed,67,-1,20,35
FL2528,United,2026-08-01 22:15:54,2026-08-02 02:15:54,Delayed,47,8,20,3
FL5345,Southwest,2026-08-02 02:28:54,2026-08-02 08:28:54,On-time,0,30,20,9
FL4566,Delta,2026-08-12 11:18:54,2026-08-12 12:18:54,Delayed,56,42,15,3
FL9701,United,2026-08-18 18:16:54,2026-08-18 19:16:54,Delayed,72,6,5,4
FL5033,JetBlue,2026-07-21 12:23:54,2026-07-21 13:23:54,Delayed,74,21,25,33
FL4910,American,2026-07-24 05:26:54,2026-07-24 11:26:54,On-time,0,14,20,20
FL2188,Delta,2026-08-08 07:20:54,2026-08-08 08:20:54,On-time,0,-1,25,13
FL3170,American,2026-08-16 18:59:54,2026-08-16 21:59:54,On-time,0,13,10,28
FL5956,JetBlue,2026-08-05 12:44:54,2026-08-05 18:44:54,On-time,0,30,15,6
FL3200,American,2026-08-16 19:50:54,2026-08-17 01:50:54,Delayed,64,30,10,17
FL5325,JetBlue,2026-07-28 08:41:54,2026-07-28 09:41:54,Delayed,46,0,20,17
FL5291,United,2026-08-03 16:19:54,2026-08-03 22:19:54,Delayed,69,22,25,0
FL9938,Delta,2026-08-07 04:19:54,2026-08-07 06:19:54,Delayed,48,22,10,2
FL6862,United,2026-07-27 14:26:54,2026-07-27 15:26:54,On-time,0,17,25,26
FL3532,United,2026-08-13 22:35:54,2026-08-14 00:35:54,Delayed,80,21,5,11
FL5371,United,2026-07-23 15:08:54,2026-07-23 16:08:54,On-time,0,25,10,12
FL8541,American,2026-08-15 02:34:54,2026-08-15 04:34:54,Delayed,45,9,5,12
FL5573,American,2026-08-05 13:09:54,2026-08-05 19:09:54,Delayed,43,29,15,1
FL5349,Delta,2026-08-07 20:11:54,2026-08-07 23:11:54,Delayed,66,41,15,27
FL4114,American,2026-08-10 18:11:54,2026-08-10 19:11:54,Delayed,42,28,25,12
FL6143,Delta,2026-08-17 16:03:54,2026-08-17 21:03:54,Delayed,57,14,20,20
FL4143,Southwest,2026-08-19 14:08:54,2026-08-19 20:08:54,Delayed,62,42,10,19
FL4443,Southwest,2026-08-08 11:25:54,2026-08-08 14:25:54,On-time,0,24,20,28
FL9375,Southwest,2026-07-25 16:26:54,2026-07-25 17:26:54,Delayed,76,13,25,21
FL4680,United,2026-07-19 20:46:54,2026-07-19 22:46:54,Delayed,83,25,25,4
FL4185,Southwest,2026-08-01 07:59:54,2026-08-01 09:59:54,On-time,0,36,5,6
FL4585,United,2026-08-05 15:13:54,2026-08-05 16:13:54,Delayed,89,30,10,7
FL9702,JetBlue,2026-07-30 12:32:54,2026-07-30 16:32:54,Delayed,86,34,25,27
FL8777,Southwest,2026-08-13 00:59:54,2026-08-13 06:59:54,On-time,0,12,25,31
FL5499,Southwest,2026-08-10 19:02:54,2026-08-10 21:02:54,On-time,0,12,15,20
FL2320,United,2026-07-26 21:08:54,2026-07-27 03:08:54,Delayed,74,4,10,4
FL7812,Delta,2026-08-14 23:10:54,2026-08-15 03:10:54,Delayed,90,32,5,24
FL7389,Southwest,2026-08-12 10:31:54,2026-08-12 15:31:54,Delayed,45,33,10,31
FL7371,American,2026-08-10 14:35:54,2026-08-10 18:35:54,Delayed,93,41,10,29
FL1444,Delta,2026-08-02 12:52:54,2026-08-02 16:52:54,Delayed,77,6,5,16
FL7211,American,2026-07-28 06:37:54,2026-07-28 07:37:54,Delayed,93,25,5,34
FL2124,Delta,2026-08-18 16:59:54,2026-08-18 18:59:54,Delayed,43,-4,25,9
FL4571,Southwest,2026-07-28 15:33:54,2026-07-28 18:33:54,On-time,0,5,25,7
FL3683,American,2026-08-06 19:45:54,2026-08-06 22:45:54,On-time,0,31,20,25
FL4249,Delta,2026-08-11 11:37:54,2026-08-11 17:37:54,On-time,0,10,5,19
FL2983,JetBlue,2026-07-30 18:18:54,2026-07-30 22:18:54,Delayed,50,37,15,4
FL7882,Southwest,2026-08-01 20:07:54,2026-08-02 02:07:54,Delayed,90,24,10,27
FL8616,Southwest,2026-08-07 16:01:54,2026-08-07 19:01:54,On-time,0,10,5,17
FL4995,Southwest,2026-08-08 11:26:54,2026-08-08 15:26:54,On-time,0,16,5,31
FL3979,Southwest,2026-07-30 23:35:54,2026-07-31 02:35:54,On-time,0,16,15,17
FL9464,United,2026-07-26 19:30:54,2026-07-26 23:30:54,On-time,0,26,25,15
FL9041,Southwest,2026-07-21 17:02:54,2026-07-21 19:02:54,On-time,0,20,10,19
FL7046,Southwest,2026-08-05 10:06:54,2026-08-05 14:06:54,Delayed,42,42,25,21
FL6023,American,2026-07-23 00:30:54,2026-07-23 02:30:54,On-time,0,15,5,34
FL4033,United,2026-08-11 23:14:54,2026-08-12 02:14:54,Delayed,44,41,25,33
FL5853,United,2026-07-25 04:03:54,2026-07-25 05:03:54,Delayed,26,40,25,8
FL5786,United,2026-08-16 13:32:54,2026-08-16 17:32:54,Delayed,84,1,5,18
FL5136,Southwest,2026-08-14 19:48:54,2026-08-14 23:48:54,Delayed,87,26,5,3
FL2395,United,2026-08-05 20:32:54,2026-08-06 00:32:54,On-time,0,33,25,14
FL7232,Southwest,2026-07-29 07:39:54,2026-07-29 12:39:54,On-time,0,22,15,3
FL2625,United,2026-07-26 13:00:54,2026-07-26 19:00:54,Delayed,55,0,10,15
FL8381,JetBlue,2026-07-29 07:46:54,2026-07-29 09:46:54,Delayed,55,13,15,29
FL4241,Southwest,2026-08-05 19:58:54,2026-08-06 01:58:54,Delayed,34,4,15,9
FL5728,Southwest,2026-08-02 20:28:54,2026-08-02 23:28:54,Delayed,54,39,20,17
FL1653,Southwest,2026-07-30 16:22:54,2026-07-30 19:22:54,On-time,0,-4,5,14
FL1339,American,2026-07-21 11:32:54,2026-07-21 13:32:54,On-time,0,25,25,28
FL3973,JetBlue,2026-08-09 06:36:54,2026-08-09 10:36:54,Delayed,53,0,20,22
FL3634,American,2026-08-11 06:15:54,2026-08-11 09:15:54,Delayed,42,37,20,35
FL5135,American,2026-08-12 20:09:54,2026-08-13 01:09:54,Delayed,73,-5,25,29
FL9167,Southwest,2026-07-25 18:01:54,2026-07-25 23:01:54,On-time,0,3,15,28
FL8941,Delta,2026-08-08 17:22:54,2026-08-08 19:22:54,Delayed,67,40,10,19
FL2858,Southwest,2026-08-08 20:37:54,2026-08-08 22:37:54,On-time,0,26,15,32
FL7807,Southwest,2026-07-27 08:13:54,2026-07-27 13:13:54,On-time,0,4,20,12
FL9327,United,2026-07-27 19:33:54,2026-07-27 23:33:54,On-time,0,16,25,17
FL5634,American,2026-08-07 11:26:54,2026-08-07 15:26:54,Delayed,79,4,20,34
FL8460,American,2026-08-10 22:59:54,2026-08-11 03:59:54,Delayed,77,19,10,26
FL7325,United,2026-08-19 07:46:54,2026-08-19 09:46:54,On-time,0,27,25,21
FL8213,Delta,2026-08-18 09:13:54,2026-08-18 10:13:54,On-time,0,41,10,26
FL3529,Delta,2026-08-14 08:00:54,2026-08-14 11:00:54,On-time,0,34,20,5
FL9742,Southwest,2026-08-09 03:29:54,2026-08-09 07:29:54,Delayed,55,29,5,4
FL4727,Delta,2026-07-23 06:32:54,2026-07-23 12:32:54,Delayed,50,40,5,28
FL6314,Delta,2026-07-31 02:07:54,2026-07-31 06:07:54,Delayed,58,4,10,33
FL3868,Delta,2026-08-16 12:08:54,2026-08-16 17:08:54,On-time,0,38,10,31
FL3344,United,2026-08-09 07:00:54,2026-08-09 11:00:54,On-time,0,11,5,29
FL9955,United,2026-08-02 19:06:54,2026-08-03 00:06:54,Delayed,58,14,20,16
FL8916,Delta,2026-08-01 00:20:54,2026-08-01 03:20:54,Delayed,51,31,15,18
FL7484,American,2026-08-06 17:39:54,2026-08-06 23:39:54,Delayed,110,42,5,31
FL4588,United,2026-07-28 12:27:54,2026-07-28 18:27:54,On-time,0,37,10,6
FL1645,American,2026-07-21 07:21:54,2026-07-21 10:21:54,On-time,0,41,10,5
FL6352,Southwest,2026-07-25 21:52:54,2026-07-26 02:52:54,On-time,0,18,25,32
FL3695,American,2026-08-19 08:35:54,2026-08-19 11:35:54,On-time,0,42,15,7
FL2233,United,2026-08-16 00:27:54,2026-08-16 06:27:54,Delayed,72,38,20,35
FL1228,American,2026-07-23 10:13:54,2026-07-23 13:13:54,On-time,0,38,15,24
FL7086,Delta,2026-07-27 14:14:54,2026-07-27 15:14:54,On-time,0,34,25,20
FL4626,Delta,2026-08-15 13:13:54,2026-08-15 19:13:54,Delayed,56,14,20,7
FL5986,Southwest,2026-07-22 19:59:54,2026-07-23 00:59:54,Delayed,90,3,20,29
FL3531,Southwest,2026-07-23 13:37:54,2026-07-23 17:37:54,Delayed,45,34,20,17
FL8285,United,2026-07-23 04:27:54,2026-07-23 07:27:54,On-time,0,29,15,3
FL4109,Delta,2026-07-22 07:26:54,2026-07-22 09:26:54,Delayed,25,36,25,1
FL4990,United,2026-07-26 10:48:54,2026-07-26 15:48:54,On-time,0,8,25,13
FL4817,American,2026-08-13 21:41:54,2026-08-14 02:41:54,On-time,0,-5,15,9
FL9850,American,2026-07-22 22:26:54,2026-07-22 23:26:54,Delayed,90,3,5,22
FL3854,American,2026-07-23 18:31:54,2026-07-23 22:31:54,Delayed,83,28,5,4
FL8405,JetBlue,2026-08-19 00:23:54,2026-08-19 01:23:54,Delayed,65,41,25,19
FL1996,Southwest,2026-08-02 05:27:54,2026-08-02 06:27:54,On-time,0,26,20,4
FL6277,JetBlue,2026-07-21 20:52:54,2026-07-21 23:52:54,Delayed,90,34,25,35
FL8433,JetBlue,2026-08-02 11:50:54,2026-08-02 17:50:54,Delayed,83,2,25,13
FL6553,Southwest,2026-08-02 05:30:54,2026-08-02 06:30:54,On-time,0,15,20,20
FL7132,United,2026-08-18 14:14:54,2026-08-18 15:14:54,Delayed,88,0,5,5
FL1982,JetBlue,2026-08-06 10:05:54,2026-08-06 16:05:54,On-time,0,2,20,22
FL7929,Delta,2026-08-08 02:03:54,2026-08-08 05:03:54,Delayed,61,1,25,32
FL4674,Delta,2026-08-16 04:19:54,2026-08-16 07:19:54,On-time,0,2,15,14
FL1430,JetBlue,2026-08-15 14:28:54,2026-08-15 17:28:54,Delayed,74,-4,10,17
FL3972,United,2026-08-10 11:09:54,2026-08-10 12:09:54,Delayed,81,4,5,5
FL8432,American,2026-07-30 22:03:54,2026-07-31 04:03:54,On-time,0,15,25,5
FL3549,United,2026-07-21 12:27:54,2026-07-21 13:27:54,Delayed,80,12,20,27
FL4531,JetBlue,2026-07-30 20:11:54,2026-07-30 21:11:54,Delayed,67,13,25,31
FL7475,JetBlue,2026-07-19 17:57:54,2026-07-19 20:57:54,Delayed,65,8,10,16
FL8055,United,2026-07-31 21:18:54,2026-08-01 03:18:54,On-time,0,9,25,35
FL6802,Delta,2026-08-16 05:31:54,2026-08-16 06:31:54,On-time,0,22,5,29
FL6129,JetBlue,2026-08-07 06:09:54,2026-08-07 12:09:54,Delayed,37,35,20,18
FL3815,JetBlue,2026-08-15 07:28:54,2026-08-15 10:28:54,Delayed,48,0,20,6
FL7560,JetBlue,2026-07-31 19:39:54,2026-07-31 22:39:54,Delayed,56,42,15,14
FL2868,JetBlue,2026-07-26 09:41:54,2026-07-26 12:41:54,Delayed,52,17,10,15
FL3504,Delta,2026-08-18 22:33:54,2026-08-19 04:33:54,On-time,0,26,20,28
FL6295,American,2026-08-02 20:48:54,2026-08-03 00:48:54,Delayed,62,23,15,17
FL6085,Southwest,2026-07-21 06:47:54,2026-07-21 09:47:54,On-time,0,13,5,5
FL9307,Southwest,2026-08-07 07:19:54,2026-08-07 13:19:54,Delayed,25,-3,20,12
FL9214,United,2026-08-02 17:50:54,2026-08-02 20:50:54,Delayed,96,40,5,32
FL9586,JetBlue,2026-07-25 12:07:54,2026-07-25 15:07:54,Delayed,91,13,20,26
FL6482,Delta,2026-07-23 03:19:54,2026-07-23 09:19:54,On-time,0,19,15,16
FL3463,American,2026-08-06 19:26:54,2026-08-06 21:26:54,Delayed,73,17,15,25
FL7171,American,2026-08-09 21:28:54,2026-08-10 03:28:54,On-time,0,38,25,5
FL7937,JetBlue,2026-07-20 04:07:54,2026-07-20 07:07:54,On-time,0,6,10,21
FL8967,United,2026-07-23 23:53:54,2026-07-24 00:53:54,On-time,0,13,5,32
FL9626,Delta,2026-07-30 14:40:54,2026-07-30 19:40:54,Delayed,64,3,25,24
FL8170,Delta,2026-07-31 06:27:54,2026-07-31 12:27:54,On-time,0,10,20,18
FL8355,United,2026-07-27 10:03:54,2026-07-27 14:03:54,Delayed,56,7,15,28
FL9239,JetBlue,2026-08-19 05:54:54,2026-08-19 07:54:54,Delayed,64,33,10,16
FL2680,JetBlue,2026-07-28 19:49:54,2026-07-28 21:49:54,Delayed,72,12,20,32
FL8391,American,2026-08-01 16:47:54,2026-08-01 20:47:54,Delayed,49,27,15,15
FL1461,American,2026-08-14 20:29:54,2026-08-15 02:29:54,Delayed,81,16,10,8
FL8685,Southwest,2026-07-20 12:41:54,2026-07-20 13:41:54,On-time,0,-4,15,13
FL9991,JetBlue,2026-08-02 08:51:54,2026-08-02 11:51:54,Delayed,43,10,15,7
FL8489,Delta,2026-08-14 20:41:54,2026-08-15 00:41:54,On-time,0,33,25,1
FL4963,United,2026-08-02 01:44:54,2026-08-02 06:44:54,Delayed,73,17,10,26
FL2108,JetBlue,2026-08-05 10:34:54,2026-08-05 15:34:54,Delayed,79,30,5,24
FL5155,Delta,2026-08-14 03:48:54,2026-08-14 06:48:54,Delayed,66,10,5,21
FL8612,Southwest,2026-07-25 13:35:54,2026-07-25 15:35:54,Delayed,27,-1,20,2
FL1686,American,2026-08-05 02:09:54,2026-08-05 07:09:54,On-time,0,25,15,2
FL4131,American,2026-08-16 04:33:54,2026-08-16 05:33:54,Delayed,39,36,15,17
FL7553,Southwest,2026-07-30 04:55:54,2026-07-30 08:55:54,On-time,0,39,20,23
FL9507,American,2026-08-11 19:11:54,2026-08-11 20:11:54,On-time,0,22,25,11
FL6262,Delta,2026-07-29 19:26:54,2026-07-29 22:26:54,Delayed,74,14,20,27
FL1693,American,2026-08-02 12:01:54,2026-08-02 18:01:54,Delayed,89,-2,5,25
FL8179,Delta,2026-07-21 20:59:54,2026-07-22 02:59:54,On-time,0,18,15,24
FL1530,JetBlue,2026-08-09 21:12:54,2026-08-10 00:12:54,Delayed,67,18,20,4
FL7521,American,2026-07-28 12:59:54,2026-07-28 13:59:54,Delayed,100,-4,10,31
FL5264,Southwest,2026-08-07 23:02:54,2026-08-08 05:02:54,Delayed,24,26,10,7
FL3828,Southwest,2026-08-13 19:27:54,2026-08-13 22:27:54,On-time,0,37,15,4
FL5757,American,2026-08-10 22:29:54,2026-08-11 04:29:54,Delayed,63,35,10,23
FL9094,Delta,2026-08-06 04:20:54,2026-08-06 07:20:54,On-time,0,24,25,8
FL2412,Delta,2026-08-01 02:29:54,2026-08-01 08:29:54,On-time,0,25,25,26
FL2208,United,2026-08-09 02:48:54,2026-08-09 06:48:54,Delayed,66,24,25,22
FL3114,Southwest,2026-08-18 09:39:54,2026-08-18 10:39:54,On-time,0,2,25,9
FL3653,American,2026-07-27 15:06:54,2026-07-27 20:06:54,Delayed,106,13,5,16
FL5961,JetBlue,2026-07-22 10:16:54,2026-07-22 16:16:54,Delayed,49,5,25,9
FL6531,JetBlue,2026-08-14 18:39:54,2026-08-14 19:39:54,Delayed,119,0,5,16
FL1496,Southwest,2026-08-06 13:02:54,2026-08-06 19:02:54,On-time,0,14,20,15
FL7653,American,2026-07-22 07:28:54,2026-07-22 08:28:54,Delayed,46,5,20,26
FL3353,American,2026-07-30 15:30:54,2026-07-30 18:30:54,Delayed,75,20,10,23
FL3007,American,2026-07-27 06:53:54,2026-07-27 07:53:54,On-time,0,-2,15,24
FL7850,United,2026-08-14 22:04:54,2026-08-15 03:04:54,On-time,0,41,15,12
FL9163,JetBlue,2026-08-04 07:40:54,2026-08-04 10:40:54,On-time,0,26,5,5
FL9281,Southwest,2026-07-26 00:21:54,2026-07-26 03:21:54,Delayed,75,-2,5,18
FL9793,Delta,2026-08-01 19:52:54,2026-08-01 22:52:54,Delayed,54,41,15,25
FL6939,JetBlue,2026-07-22 02:08:54,2026-07-22 07:08:54,On-time,0,23,25,17
FL2946,United,2026-07-31 20:07:54,2026-07-31 23:07:54,Delayed,63,30,15,9
FL9193,Delta,2026-07-20 17:52:54,2026-07-20 23:52:54,Delayed,74,16,20,33
FL6373,JetBlue,2026-07-25 03:09:54,2026-07-25 08:09:54,Delayed,71,42,15,21
FL5911,Southwest,2026-07-30 17:05:54,2026-07-30 23:05:54,On-time,0,2,20,19
FL1436,JetBlue,2026-07-28 08:25:54,2026-07-28 13:25:54,On-time,0,31,10,3
FL3793,JetBlue,2026-08-12 13:23:54,2026-08-12 17:23:54,Delayed,73,4,10,2
FL1310,Southwest,2026-08-02 02:53:54,2026-08-02 06:53:54,Delayed,52,39,10,26
FL3262,JetBlue,2026-08-05 23:04:54,2026-08-06 05:04:54,Delayed,59,25,25,24
FL9734,American,2026-07-31 10:27:54,2026-07-31 16:27:54,Delayed,45,38,15,30
FL5890,United,2026-08-13 02:02:54,2026-08-13 08:02:54,On-time,0,8,20,20
FL5480,American,2026-08-06 20:27:54,2026-08-07 01:27:54,On-time,0,19,20,22
FL3399,American,2026-07-28 18:29:54,2026-07-28 19:29:54,On-time,0,17,20,16
FL4505,United,2026-07-28 10:43:54,2026-07-28 15:43:54,Delayed,48,39,15,8
FL4920,United,2026-08-09 18:41:54,2026-08-09 23:41:54,Delayed,66,9,10,3
FL3252,Delta,2026-08-18 09:54:54,2026-08-18 13:54:54,On-time,0,36,20,30
FL5706,American,2026-08-09 01:47:54,2026-08-09 02:47:54,On-time,0,36,25,14
FL1611,United,2026-08-17 06:37:54,2026-08-17 08:37:54,Delayed,67,-3,20,31
FL1613,Delta,2026-08-07 02:22:54,2026-08-07 03:22:54,On-time,0,16,15,29
FL9901,JetBlue,2026-08-17 07:52:54,2026-08-17 12:52:54,On-time,0,24,15,12
FL6417,United,2026-08-03 16:25:54,2026-08-03 19:25:54,Delayed,83,40,10,0
FL4164,United,2026-08-16 12:24:54,2026-08-16 16:24:54,Delayed,65,22,25,20
FL3303,Southwest,2026-08-18 02:59:54,2026-08-18 03:59:54,On-time,0,11,20,15
FL5374,American,2026-08-07 02:30:54,2026-08-07 07:30:54,On-time,0,-5,15,23
FL2017,Delta,2026-07-29 06:54:54,2026-07-29 10:54:54,On-time,0,38,25,19
FL5833,American,2026-07-27 11:58:54,2026-07-27 13:58:54,Delayed,96,25,10,29
FL9806,United,2026-08-10 00:32:54,2026-08-10 05:32:54,On-time,0,0,25,28
FL6927,Delta,2026-07-23 10:47:54,2026-07-23 15:47:54,Delayed,76,27,10,34
FL4365,JetBlue,2026-07-22 08:41:54,2026-07-22 13:41:54,Delayed,83,23,5,29
FL8575,American,2026-07-20 16:09:54,2026-07-20 19:09:54,Delayed,56,-5,10,4
FL1987,Delta,2026-07-21 08:02:54,2026-07-21 12:02:54,Delayed,78,6,10,26
FL7184,Southwest,2026-08-09 19:26:54,2026-08-10 00:26:54,Delayed,49,3,15,7
FL9664,United,2026-07-27 16:37:54,2026-07-27 17:37:54,Delayed,87,-4,15,29
FL4762,United,2026-07-31 06:53:54,2026-07-31 09:53:54,On-time,0,7,5,2
FL7868,JetBlue,2026-07-26 16:57:54,2026-07-26 17:57:54,Delayed,62,1,25,2
FL5009,Delta,2026-08-03 04:58:54,2026-08-03 09:58:54,Delayed,46,8,5,8
FL6224,JetBlue,2026-08-13 12:27:54,2026-08-13 15:27:54,On-time,0,10,15,9
FL9540,United,2026-07-29 06:01:54,2026-07-29 07:01:54,On-time,0,30,25,11
FL7999,JetBlue,2026-07-21 08:06:54,2026-07-21 14:06:54,Delayed,66,37,20,33
FL3444,American,2026-07-25 05:32:54,2026-07-25 10:32:54,Delayed,57,25,10,14
FL1944,JetBlue,2026-08-19 06:10:54,2026-08-19 11:10:54,Delayed,58,28,10,24
FL8369,American,2026-08-05 19:30:54,2026-08-05 21:30:54,Delayed,62,-2,15,24
FL4082,JetBlue,2026-08-10 16:19:54,2026-08-10 18:19:54,Delayed,93,25,10,21
FL2922,Southwest,2026-08-11 00:22:54,2026-08-11 06:22:54,On-time,0,8,20,15
FL5637,Southwest,2026-08-06 07:25:54,2026-08-06 10:25:54,On-time,0,14,15,23
FL9147,Southwest,2026-08-13 20:30:54,2026-08-14 00:30:54,Delayed,61,15,10,23
FL1265,American,2026-08-18 10:21:54,2026-08-18 15:21:54,Delayed,36,41,20,18
FL7223,JetBlue,2026-08-04 00:19:54,2026-08-04 06:19:54,On-time,0,38,15,16
FL9005,Southwest,2026-07-25 07:30:54,2026-07-25 10:30:54,Delayed,63,5,10,34
FL9584,Delta,2026-08-18 19:36:54,2026-08-19 01:36:54,Delayed,83,-2,5,26
FL1149,United,2026-08-03 09:07:54,2026-08-03 10:07:54,On-time,0,34,25,30
FL1257,Delta,2026-08-06 10:10:54,2026-08-06 11:10:54,On-time,0,-4,25,17
FL5697,Delta,2026-08-15 09:28:54,2026-08-15 15:28:54,On-time,0,22,10,6
FL9591,United,2026-07-26 00:23:54,2026-07-26 05:23:54,On-time,0,11,15,17
FL2294,American,2026-08-03 05:20:54,2026-08-03 07:20:54,On-time,0,39,10,19
FL2320,Delta,2026-07-31 19:08:54,2026-07-31 23:08:54,On-time,0,30,20,3
FL3807,Delta,2026-08-16 08:11:54,2026-08-16 14:11:54,On-time,0,16,25,6
FL1697,United,2026-08-16 23:39:54,2026-08-17 05:39:54,Delayed,37,31,20,17
FL5593,JetBlue,2026-08-10 10:46:54,2026-08-10 12:46:54,Delayed,100,15,5,13
FL3661,JetBlue,2026-08-07 00:37:54,2026-08-07 04:37:54,Delayed,67,38,25,21
FL2284,JetBlue,2026-07-31 15:47:54,2026-07-31 16:47:54,Delayed,97,22,10,4
FL7499,American,2026-08-08 17:01:54,2026-08-08 21:01:54,Delayed,84,26,10,22
FL2404,JetBlue,2026-08-14 01:59:54,2026-08-14 07:59:54,Delayed,81,-1,5,17
FL7383,American,2026-07-23 03:49:54,2026-07-23 04:49:54,On-time,0,14,20,23
FL2674,United,2026-07-24 19:11:54,2026-07-24 23:11:54,Delayed,58,30,25,32
FL2524,JetBlue,2026-08-14 12:04:54,2026-08-14 16:04:54,Delayed,76,-5,15,26
FL9537,United,2026-08-01 13:54:54,2026-08-01 15:54:54,Delayed,50,12,15,17
FL5521,Southwest,2026-08-04 02:34:54,2026-08-04 03:34:54,On-time,0,18,15,15
FL9123,JetBlue,2026-07-26 12:13:54,2026-07-26 13:13:54,On-time,0,3,15,0
FL6443,JetBlue,2026-08-14 05:39:54,2026-08-14 08:39:54,On-time,0,23,15,27
FL3230,American,2026-08-08 03:28:54,2026-08-08 05:28:54,On-time,0,25,15,11
FL6228,American,2026-08-11 16:24:54,2026-08-11 20:24:54,Delayed,83,31,10,20
FL4273,JetBlue,2026-07-25 10:27:54,2026-07-25 15:27:54,Delayed,49,-4,20,13
FL2133,Southwest,2026-08-04 13:52:54,2026-08-04 19:52:54,On-time,0,14,10,16
FL7932,Southwest,2026-08-02 19:22:54,2026-08-02 23:22:54,Delayed,73,32,20,34
FL6890,JetBlue,2026-08-09 12:42:54,2026-08-09 13:42:54,Delayed,96,1,10,22
FL6432,Southwest,2026-07-19 19:50:54,2026-07-19 22:50:54,On-time,0,9,25,33
FL4621,Southwest,2026-08-01 04:13:54,2026-08-01 10:13:54,On-time,0,32,25,9
FL1402,Southwest,2026-07-28 20:10:54,2026-07-28 21:10:54,Delayed,78,2,10,22
FL6706,Southwest,2026-08-02 20:30:54,2026-08-03 02:30:54,Delayed,48,23,15,4
FL1370,American,2026-07-23 13:27:54,2026-07-23 15:27:54,Delayed,81,42,10,33
FL8570,United,2026-08-09 04:55:54,2026-08-09 06:55:54,Delayed,60,35,20,25
FL8365,JetBlue,2026-08-01 05:44:54,2026-08-01 11:44:54,On-time,0,8,10,17
FL2025,JetBlue,2026-08-13 20:39:54,2026-08-14 01:39:54,Delayed,61,6,15,20
FL9019,JetBlue,2026-07-30 13:22:54,2026-07-30 17:22:54,Delayed,81,34,20,7
FL3826,American,2026-08-07 11:49:54,2026-08-07 17:49:54,Delayed,38,3,15,7
FL7116,United,2026-08-01 09:10:54,2026-08-01 14:10:54,Delayed,55,3,25,24
FL3733,Southwest,2026-07-24 01:55:54,2026-07-24 04:55:54,On-time,0,23,25,3
FL1157,Southwest,2026-07-25 21:36:54,2026-07-26 01:36:54,Delayed,72,30,25,31
FL9006,United,2026-08-06 18:45:54,2026-08-06 20:45:54,Delayed,87,13,5,17
FL9115,JetBlue,2026-07-23 09:20:54,2026-07-23 10:20:54,Delayed,65,12,25,23
FL8231,JetBlue,2026-08-01 22:50:54,2026-08-02 04:50:54,On-time,0,36,10,19
FL1528,Southwest,2026-07-31 01:39:54,2026-07-31 02:39:54,Delayed,69,23,5,15
FL8015,United,2026-07-24 12:34:54,2026-07-24 14:34:54,Delayed,111,8,5,22
FL5794,American,2026-07-28 11:38:54,2026-07-28 16:38:54,On-time,0,38,5,8
FL7743,Delta,2026-08-16 01:25:54,2026-08-16 03:25:54,Delayed,43,39,10,15
FL7434,Southwest,2026-08-06 21:24:54,2026-08-07 00:24:54,Delayed,64,35,20,24
FL9447,American,2026-08-18 15:40:54,2026-08-18 18:40:54,Delayed,69,24,20,20
FL8511,American,2026-08-13 19:18:54,2026-08-13 23:18:54,Delayed,56,8,20,13
FL9967,JetBlue,2026-08-06 21:38:54,2026-08-07 01:38:54,Delayed,94,16,5,2
FL3035,United,2026-08-03 06:44:54,2026-08-03 10:44:54,Delayed,68,7,10,19
FL6905,American,2026-07-30 19:26:54,2026-07-31 01:26:54,Delayed,100,5,5,25
FL2559,Delta,2026-08-03 22:48:54,2026-08-04 00:48:54,On-time,0,32,10,33
FL1152,Delta,2026-07-30 15:36:54,2026-07-30 16:36:54,Delayed,58,22,10,30
FL6133,American,2026-07-24 02:08:54,2026-07-24 04:08:54,On-time,0,36,10,4
FL1138,JetBlue,2026-07-25 13:12:54,2026-07-25 16:12:54,Delayed,81,41,10,9
FL2420,Delta,2026-08-12 20:51:54,2026-08-13 01:51:54,On-time,0,41,20,22
FL6152,United,2026-07-28 00:25:54,2026-07-28 01:25:54,On-time,0,10,25,18
FL1439,American,2026-08-04 23:22:54,2026-08-05 04:22:54,On-time,0,7,20,18
FL4921,Southwest,2026-07-23 04:59:54,2026-07-23 08:59:54,On-time,0,35,25,4
FL1197,American,2026-07-24 03:08:54,2026-07-24 08:08:54,On-time,0,21,15,34
FL8717,Delta,2026-08-06 16:48:54,2026-08-06 17:48:54,On-time,0,11,10,2
FL7520,JetBlue,2026-08-09 02:29:54,2026-08-09 07:29:54,Delayed,61,21,20,25
FL5546,Delta,2026-07-22 02:16:54,2026-07-22 04:16:54,On-time,0,4,25,20
FL2083,American,2026-08-02 15:30:54,2026-08-02 17:30:54,On-time,0,-2,10,5
FL2900,Southwest,2026-08-08 11:47:54,2026-08-08 14:47:54,Delayed,31,37,10,7
FL9133,American,2026-08-05 09:34:54,2026-08-05 15:34:54,Delayed,66,11,10,23
FL1480,American,2026-07-28 06:17:54,2026-07-28 07:17:54,On-time,0,11,25,4
FL9368,American,2026-08-03 18:38:54,2026-08-03 23:38:54,Delayed,51,5,15,10
FL2889,United,2026-08-05 15:44:54,2026-08-05 16:44:54,Delayed,58,-5,10,2
FL1579,JetBlue,2026-08-12 15:25:54,2026-08-12 19:25:54,Delayed,80,9,15,15
FL2276,JetBlue,2026-07-23 04:16:54,2026-07-23 10:16:54,On-time,0,-2,10,14
FL1752,Southwest,2026-08-16 19:13:54,2026-08-16 22:13:54,On-time,0,14,15,5
FL1130,American,2026-07-28 23:20:54,2026-07-29 02:20:54,Delayed,46,42,25,15
FL4201,JetBlue,2026-07-23 23:44:54,2026-07-24 03:44:54,Delayed,81,-4,10,34
FL1023,Southwest,2026-08-12 16:03:54,2026-08-12 17:03:54,Delayed,57,8,25,15
FL5584,Delta,2026-08-17 17:58:54,2026-08-17 22:58:54,On-time,0,21,15,29
FL2391,JetBlue,2026-08-04 19:52:54,2026-08-05 01:52:54,Delayed,96,20,5,3
FL5778,American,2026-08-18 03:35:54,2026-08-18 07:35:54,Delayed,32,39,15,20
FL4321,United,2026-07-23 10:53:54,2026-07-23 11:53:54,Delayed,76,5,20,29
FL4401,Southwest,2026-08-03 02:00:54,2026-08-03 03:00:54,On-time,0,0,10,19
FL1660,United,2026-07-24 02:49:54,2026-07-24 08:49:54,Delayed,65,10,15,25
FL5262,United,2026-08-18 17:09:54,2026-08-18 21:09:54,Delayed,47,30,25,15
FL1195,Delta,2026-07-23 23:56:54,2026-07-24 03:56:54,On-time,0,18,5,16
FL2228,Delta,2026-07-25 19:41:54,2026-07-26 01:41:54,On-time,0,23,10,5
FL6432,Delta,2026-08-18 18:13:54,2026-08-18 19:13:54,On-time,0,5,25,27
FL7471,Southwest,2026-07-31 17:27:54,2026-07-31 21:27:54,On-time,0,6,15,13
FL5505,American,2026-08-17 06:53:54,2026-08-17 07:53:54,On-time,0,34,25,15
FL9173,Southwest,2026-08-04 09:47:54,2026-08-04 10:47:54,On-time,0,12,20,8
FL9614,United,2026-08-14 13:18:54,2026-08-14 14:18:54,Delayed,81,19,15,30
FL7363,American,2026-07-19 22:04:54,2026-07-20 03:04:54,Delayed,96,9,5,17
FL4813,United,2026-07-26 20:26:54,2026-07-26 22:26:54,On-time,0,12,25,3
FL4594,JetBlue,2026-07-31 05:43:54,2026-07-31 07:43:54,On-time,0,6,10,20
FL6878,JetBlue,2026-08-10 17:28:54,2026-08-10 20:28:54,Delayed,61,31,25,9
FL9882,American,2026-08-03 21:46:54,2026-08-03 22:46:54,Delayed,64,-2,10,14
FL4300,United,2026-08-11 02:55:54,2026-08-11 05:55:54,Delayed,73,-2,5,9
FL2817,JetBlue,2026-08-19 03:48:54,2026-08-19 06:48:54,Delayed,40,40,20,6
FL3235,United,2026-08-19 16:11:54,2026-08-19 22:11:54,On-time,0,26,15,11
FL6846,United,2026-08-07 14:36:54,2026-08-07 16:36:54,Delayed,68,19,15,18
FL7415,JetBlue,2026-07-24 18:22:54,2026-07-24 21:22:54,On-time,0,34,10,6
FL3304,American,2026-07-22 15:59:54,2026-07-22 18:59:54,On-time,0,15,10,5
FL6500,Southwest,2026-07-27 16:57:54,2026-07-27 18:57:54,Delayed,61,39,5,22
FL8179,Southwest,2026-08-16 22:10:54,2026-08-17 02:10:54,Delayed,78,19,15,34
FL3664,Southwest,2026-08-13 19:38:54,2026-08-13 20:38:54,Delayed,56,13,5,20
FL7151,United,2026-07-22 16:19:54,2026-07-22 17:19:54,Delayed,83,16,25,30
FL8113,United,2026-07-22 18:05:54,2026-07-22 20:05:54,Delayed,93,7,20,35
FL5612,American,2026-07-22 23:47:54,2026-07-23 03:47:54,Delayed,41,31,25,31
FL8005,Delta,2026-08-15 02:26:54,2026-08-15 08:26:54,Delayed,21,33,20,12
FL3798,American,2026-08-03 19:38:54,2026-08-03 20:38:54,Delayed,71,14,20,30
FL9914,Southwest,2026-07-30 22:40:54,2026-07-31 02:40:54,Delayed,74,18,10,28
FL5400,JetBlue,2026-07-23 18:32:54,2026-07-24 00:32:54,Delayed,110,37,5,5
FL4727,JetBlue,2026-08-14 18:08:54,2026-08-14 23:08:54,Delayed,81,21,25,30
FL2293,Southwest,2026-07-21 15:16:54,2026-07-21 20:16:54,Delayed,58,28,25,9
FL3832,United,2026-08-13 22:56:54,2026-08-14 00:56:54,On-time,0,-3,20,5
FL8133,United,2026-07-24 13:37:54,2026-07-24 18:37:54,Delayed,64,11,15,4
FL6343,American,2026-08-03 09:42:54,2026-08-03 10:42:54,On-time,0,39,25,33
FL2843,Southwest,2026-07-23 21:20:54,2026-07-24 02:20:54,Delayed,58,32,5,6
FL7732,American,2026-08-09 05:15:54,2026-08-09 10:15:54,Delayed,32,33,20,2
FL3356,JetBlue,2026-08-10 12:28:54,2026-08-10 16:28:54,Delayed,74,-3,20,21
FL7102,Delta,2026-08-15 03:34:54,2026-08-15 06:34:54,On-time,0,14,15,31
FL2609,United,2026-07-28 21:31:54,2026-07-29 01:31:54,Delayed,67,15,15,26
FL4463,Southwest,2026-08-04 16:32:54,2026-08-04 21:32:54,On-time,0,18,5,32
FL2075,American,2026-08-05 15:09:54,2026-08-05 17:09:54,Delayed,64,28,25,1
FL1944,United,2026-08-02 17:47:54,2026-08-02 20:47:54,Delayed,86,40,10,17
FL3029,Delta,2026-07-31 00:15:54,2026-07-31 05:15:54,On-time,0,23,10,30
FL6730,American,2026-08-14 22:41:54,2026-08-15 01:41:54,Delayed,63,42,5,18
FL4688,United,2026-08-09 01:10:54,2026-08-09 06:10:54,On-time,0,-4,5,30
FL3837,JetBlue,2026-07-26 17:00:54,2026-07-26 22:00:54,On-time,0,14,15,27
FL6713,Southwest,2026-07-26 01:13:54,2026-07-26 04:13:54,On-time,0,38,25,25
FL1120,JetBlue,2026-08-19 14:37:54,2026-08-19 17:37:54,Delayed,63,30,25,18
FL6509,American,2026-07-30 13:39:54,2026-07-30 16:39:54,Delayed,61,11,15,12
FL1930,JetBlue,2026-08-10 05:04:54,2026-08-10 11:04:54,On-time,0,3,5,31
FL5250,Southwest,2026-08-01 05:31:54,2026-08-01 06:31:54,On-time,0,32,25,12
FL4643,JetBlue,2026-08-14 13:14:54,2026-08-14 19:14:54,Delayed,89,17,25,19
FL5813,Delta,2026-07-24 08:31:54,2026-07-24 11:31:54,On-time,0,41,25,11
FL6499,Delta,2026-07-30 23:58:54,2026-07-31 05:58:54,Delayed,52,14,20,21
FL8598,Delta,2026-07-21 08:39:54,2026-07-21 14:39:54,On-time,0,32,25,4
FL4187,JetBlue,2026-08-15 20:27:54,2026-08-16 00:27:54,Delayed,85,28,15,26
FL4281,American,2026-08-07 06:41:54,2026-08-07 10:41:54,On-time,0,4,15,11
FL8988,American,2026-07-25 13:04:54,2026-07-25 19:04:54,Delayed,104,-2,5,28
FL2442,United,2026-08-02 12:24:54,2026-08-02 16:24:54,Delayed,69,20,20,30
FL7112,Delta,2026-08-13 03:37:54,2026-08-13 08:37:54,On-time,0,7,5,0
FL5076,United,2026-08-17 15:06:54,2026-08-17 18:06:54,Delayed,77,3,5,24
FL5885,American,2026-08-12 07:17:54,2026-08-12 12:17:54,On-time,0,28,15,27
FL3192,American,2026-07-31 08:32:54,2026-07-31 10:32:54,Delayed,43,5,20,1
FL3149,United,2026-07-20 16:21:54,2026-07-20 21:21:54,Delayed,106,5,5,23
FL9761,JetBlue,2026-08-07 17:47:54,2026-08-07 23:47:54,Delayed,94,1,5,3
FL3024,JetBlue,2026-08-04 01:28:54,2026-08-04 03:28:54,Delayed,65,8,5,19
FL3247,Southwest,2026-08-04 20:30:54,2026-08-05 01:30:54,On-time,0,2,15,7
FL9154,United,2026-07-26 12:33:54,2026-07-26 15:33:54,Delayed,79,28,10,22
FL4402,Southwest,2026-07-27 02:44:54,2026-07-27 03:44:54,On-time,0,37,5,7
FL9095,United,2026-08-12 19:16:54,2026-08-12 20:16:54,Delayed,89,41,5,16
FL1820,Delta,2026-08-15 21:46:54,2026-08-16 00:46:54,On-time,0,18,15,27
FL2556,Delta,2026-08-15 16:52:54,2026-08-15 22:52:54,Delayed,79,36,10,21
FL7105,American,2026-07-22 22:09:54,2026-07-23 02:09:54,Delayed,73,24,15,24
FL2852,United,2026-08-12 14:47:54,2026-08-12 16:47:54,Delayed,85,1,20,30
FL7221,American,2026-07-20 12:39:54,2026-07-20 18:39:54,Delayed,69,41,10,30
FL2037,American,2026-07-30 12:44:54,2026-07-30 18:44:54,On-time,0,38,25,14
FL6542,JetBlue,2026-08-11 09:28:54,2026-08-11 14:28:54,Delayed,61,1,20,15
FL7305,United,2026-08-17 10:23:54,2026-08-17 11:23:54,On-time,0,-5,10,32
FL9123,United,2026-08-12 19:15:54,2026-08-12 22:15:54,Delayed,69,10,15,17
FL7203,Southwest,2026-07-22 00:13:54,2026-07-22 04:13:54,On-time,0,31,20,5
FL8324,American,2026-08-03 20:31:54,2026-08-04 02:31:54,Delayed,91,-4,5,25
FL5990,JetBlue,2026-07-26 10:25:54,2026-07-26 16:25:54,On-time,0,24,15,23
FL4652,Southwest,2026-08-06 03:33:54,2026-08-06 08:33:54,On-time,0,33,20,23
FL2868,Delta,2026-07-27 13:44:54,2026-07-27 16:44:54,Delayed,61,17,15,35
FL3689,Southwest,2026-08-14 21:29:54,2026-08-15 03:29:54,Delayed,32,41,20,6
FL2978,Southwest,2026-08-02 23:36:54,2026-08-03 01:36:54,On-time,0,40,15,6
FL1761,JetBlue,2026-08-12 20:41:54,2026-08-13 00:41:54,Delayed,66,24,25,32
FL8091,JetBlue,2026-08-18 08:16:54,2026-08-18 10:16:54,On-time,0,39,25,11
FL3103,Delta,2026-08-10 05:22:54,2026-08-10 10:22:54,Delayed,51,15,25,24
FL5482,Southwest,2026-07-29 03:12:54,2026-07-29 05:12:54,Delayed,52,3,20,32
FL4560,United,2026-08-07 23:29:54,2026-08-08 02:29:54,On-time,0,38,15,8
FL3913,JetBlue,2026-08-11 10:24:54,2026-08-11 13:24:54,Delayed,95,40,5,22
FL7920,Delta,2026-07-23 08:45:54,2026-07-23 12:45:54,Delayed,59,4,5,3
FL5695,American,2026-08-14 20:47:54,2026-08-15 02:47:54,Delayed,93,13,10,34
FL7371,United,2026-08-14 09:34:54,2026-08-14 15:34:54,Delayed,91,13,5,24
FL1212,American,2026-08-07 23:39:54,2026-08-08 03:39:54,On-time,0,9,15,34
FL4218,United,2026-08-03 01:55:54,2026-08-03 07:55:54,On-time,0,-1,10,11
FL2955,Southwest,2026-08-01 18:01:54,2026-08-01 23:01:54,On-time,0,11,10,10
FL5178,Delta,2026-08-03 03:29:54,2026-08-03 05:29:54,On-time,0,-3,10,20
FL5934,Southwest,2026-08-06 11:06:54,2026-08-06 12:06:54,Delayed,53,40,15,33
FL9276,United,2026-08-06 06:18:54,2026-08-06 10:18:54,On-time,0,0,15,14
FL6437,American,2026-07-29 03:57:54,2026-07-29 08:57:54,On-time,0,28,20,35
FL1144,Delta,2026-07-31 14:12:54,2026-07-31 16:12:54,On-time,0,36,25,15
FL6258,Southwest,2026-07-31 20:00:54,2026-08-01 01:00:54,On-time,0,41,15,1
FL7143,JetBlue,2026-08-03 09:15:54,2026-08-03 10:15:54,Delayed,72,13,10,20
FL9814,JetBlue,2026-08-08 16:48:54,2026-08-08 18:48:54,Delayed,86,37,10,27
FL3519,Delta,2026-08-11 07:05:54,2026-08-11 08:05:54,Delayed,40,0,5,3
FL4729,American,2026-08-01 06:12:54,2026-08-01 12:12:54,Delayed,46,20,20,20
FL9762,Delta,2026-08-12 13:23:54,2026-08-12 14:23:54,On-time,0,42,25,2
FL2189,American,2026-07-23 09:02:54,2026-07-23 15:02:54,Delayed,49,14,25,5
FL8170,Southwest,2026-08-15 05:26:54,2026-08-15 06:26:54,Delayed,63,25,10,34
FL3360,American,2026-08-17 14:42:54,2026-08-17 20:42:54,Delayed,51,36,15,0
FL3019,Delta,2026-08-06 17:22:54,2026-08-06 21:22:54,Delayed,59,29,25,5
FL4469,Southwest,2026-08-16 13:16:54,2026-08-16 15:16:54,On-time,0,5,10,14
FL5140,United,2026-07-24 20:26:54,2026-07-25 01:26:54,Delayed,58,-2,25,29
FL5107,Delta,2026-08-11 23:21:54,2026-08-12 03:21:54,On-time,0,16,15,8
FL4842,Delta,2026-08-08 01:48:54,2026-08-08 03:48:54,Delayed,55,15,20,28
FL3496,JetBlue,2026-07-31 11:35:54,2026-07-31 14:35:54,Delayed,87,22,10,0
FL8145,American,2026-07-24 04:27:54,2026-07-24 10:27:54,Delayed,63,16,20,29
FL8978,JetBlue,2026-07-24 20:25:54,2026-07-25 01:25:54,On-time,0,0,15,8
FL4218,American,2026-08-17 16:24:54,2026-08-17 17:24:54,Delayed,77,41,5,1
FL4485,Delta,2026-07-28 10:18:54,2026-07-28 15:18:54,Delayed,76,25,10,23
FL3193,Southwest,2026-08-05 08:49:54,2026-08-05 12:49:54,On-time,0,18,25,0
FL3717,JetBlue,2026-08-02 20:54:54,2026-08-02 22:54:54,On-time,0,31,25,9
FL8921,American,2026-07-26 18:32:54,2026-07-26 22:32:54,Delayed,71,9,5,16
FL8695,Southwest,2026-07-20 18:25:54,2026-07-20 21:25:54,On-time,0,1,25,17
FL5314,JetBlue,2026-08-07 09:55:54,2026-08-07 13:55:54,Delayed,70,36,20,23
FL9465,American,2026-08-18 04:58:54,2026-08-18 09:58:54,Delayed,45,20,15,22
FL9222,United,2026-07-25 06:58:54,2026-07-25 07:58:54,Delayed,37,27,15,13
FL2938,United,2026-08-14 06:05:54,2026-08-14 12:05:54,Delayed,58,2,20,30
FL7732,Delta,2026-07-20 23:52:54,2026-07-21 04:52:54,On-time,0,32,10,8
FL1642,JetBlue,2026-07-20 20:54:54,2026-07-20 23:54:54,Delayed,88,6,25,25
FL5644,Delta,2026-08-02 23:22:54,2026-08-03 03:22:54,On-time,0,25,10,14
FL3338,JetBlue,2026-08-07 22:26:54,2026-08-08 03:26:54,Delayed,100,11,10,21
FL7196,Southwest,2026-07-22 20:45:54,2026-07-22 22:45:54,On-time,0,28,25,26
FL2577,United,2026-08-17 08:23:54,2026-08-17 13:23:54,On-time,0,-3,25,32
FL2526,Southwest,2026-07-24 14:41:54,2026-07-24 19:41:54,Delayed,77,29,5,27
FL8899,Southwest,2026-08-07 04:35:54,2026-08-07 10:35:54,On-time,0,39,25,6
FL5170,Southwest,2026-08-18 00:38:54,2026-08-18 01:38:54,On-time,0,13,25,34
FL4096,Delta,2026-08-12 15:34:54,2026-08-12 16:34:54,On-time,0,31,25,7
FL7144,United,2026-08-14 15:04:54,2026-08-14 19:04:54,Delayed,84,18,5,9
FL9783,Southwest,2026-07-31 11:23:54,2026-07-31 14:23:54,Delayed,70,38,20,13
FL3928,American,2026-08-06 10:14:54,2026-08-06 13:14:54,On-time,0,14,25,22
FL7522,United,2026-07-23 14:31:54,2026-07-23 16:31:54,Delayed,70,23,10,6
FL1852,United,2026-08-19 05:24:54,2026-08-19 06:24:54,On-time,0,0,10,30
FL8133,Delta,2026-07-27 18:58:54,2026-07-27 21:58:54,On-time,0,0,25,2
FL7564,JetBlue,2026-08-05 13:02:54,2026-08-05 19:02:54,Delayed,75,33,5,11
FL9489,American,2026-07-20 23:34:54,2026-07-21 04:34:54,On-time,0,27,25,14
FL1590,American,2026-08-08 23:44:54,2026-08-09 01:44:54,Delayed,54,0,15,25
FL4281,JetBlue,2026-08-11 17:29:54,2026-08-11 18:29:54,Delayed,82,0,25,18
FL6693,American,2026-08-07 23:56:54,2026-08-08 03:56:54,Delayed,33,20,25,0
FL9294,Delta,2026-07-22 10:16:54,2026-07-22 13:16:54,On-time,0,16,5,32
FL9813,JetBlue,2026-08-11 01:12:54,2026-08-11 05:12:54,On-time,0,31,20,15
FL8517,Southwest,2026-08-16 10:45:54,2026-08-16 14:45:54,On-time,0,2,15,4
FL4610,United,2026-08-02 03:06:54,2026-08-02 08:06:54,Delayed,64,29,5,16
FL6603,Delta,2026-08-18 09:55:54,2026-08-18 13:55:54,On-time,0,15,15,13
FL5408,United,2026-08-10 16:43:54,2026-08-10 18:43:54,Delayed,84,26,10,15
FL4322,United,2026-07-31 11:53:54,2026-07-31 12:53:54,Delayed,117,2,5,31
FL7081,JetBlue,2026-08-04 03:41:54,2026-08-04 08:41:54,On-time,0,12,20,11
FL9374,American,2026-07-27 05:32:54,2026-07-27 10:32:54,Delayed,72,3,5,33
FL7450,United,2026-07-23 07:28:54,2026-07-23 12:28:54,Delayed,31,24,15,0
FL7216,JetBlue,2026-07-29 20:07:54,2026-07-30 01:07:54,Delayed,97,11,10,35
FL6995,United,2026-08-02 07:57:54,2026-08-02 11:57:54,On-time,0,39,15,23
FL5581,Southwest,2026-08-06 21:52:54,2026-08-07 02:52:54,On-time,0,38,10,6
FL4863,JetBlue,2026-08-16 06:08:54,2026-08-16 08:08:54,On-time,0,4,10,30
FL3893,Southwest,2026-07-24 08:41:54,2026-07-24 14:41:54,On-time,0,28,25,20
FL5915,American,2026-08-16 10:20:54,2026-08-16 11:20:54,Delayed,69,20,5,10
FL8807,Delta,2026-08-12 07:05:54,2026-08-12 10:05:54,On-time,0,18,15,35
FL5222,American,2026-08-01 16:51:54,2026-08-01 19:51:54,Delayed,70,38,25,12
FL9821,United,2026-07-31 02:04:54,2026-07-31 08:04:54,On-time,0,27,20,28
FL7243,JetBlue,2026-08-03 02:24:54,2026-08-03 04:24:54,On-time,0,5,15,26
FL7631,Delta,2026-07-24 19:05:54,2026-07-24 21:05:54,On-time,0,15,15,18
FL7479,American,2026-08-13 07:39:54,2026-08-13 10:39:54,On-time,0,42,25,33
FL7782,United,2026-08-15 21:45:54,2026-08-15 23:45:54,On-time,0,41,10,16
FL2311,United,2026-07-31 21:50:54,2026-07-31 22:50:54,Delayed,83,-1,20,35
FL2702,American,2026-07-24 11:49:54,2026-07-24 17:49:54,Delayed,63,19,15,14
FL3071,United,2026-08-15 08:54:54,2026-08-15 09:54:54,On-time,0,-3,15,20
FL8654,JetBlue,2026-08-06 01:12:54,2026-08-06 03:12:54,On-time,0,39,25,11
FL8480,JetBlue,2026-08-05 06:24:54,2026-08-05 12:24:54,Delayed,49,29,15,22
FL8239,American,2026-08-02 04:00:54,2026-08-02 06:00:54,Delayed,63,14,5,0
FL6634,American,2026-08-06 07:44:54,2026-08-06 13:44:54,Delayed,40,26,20,19
FL4788,Delta,2026-07-31 09:56:54,2026-07-31 13:56:54,Delayed,59,30,20,25
FL7199,United,2026-07-22 01:11:54,2026-07-22 07:11:54,Delayed,57,10,25,17
FL5404,Southwest,2026-08-15 22:48:54,2026-08-16 00:48:54,On-time,0,3,15,7
FL8418,American,2026-08-08 15:15:54,2026-08-08 17:15:54,Delayed,67,15,5,9
FL2675,American,2026-07-24 01:29:54,2026-07-24 05:29:54,Delayed,56,41,5,14
FL6601,Southwest,2026-08-14 02:35:54,2026-08-14 06:35:54,On-time,0,18,20,2
FL3393,Delta,2026-08-13 01:09:54,2026-08-13 02:09:54,Delayed,41,29,20,11
FL5097,Southwest,2026-07-22 17:33:54,2026-07-22 23:33:54,Delayed,51,10,20,28
FL2539,JetBlue,2026-07-26 14:14:54,2026-07-26 18:14:54,Delayed,74,38,15,20
FL9534,Delta,2026-08-04 01:24:54,2026-08-04 04:24:54,On-time,0,7,15,3
FL4568,Delta,2026-08-09 00:11:54,2026-08-09 03:11:54,On-time,0,-5,10,17
FL7484,United,2026-07-20 17:21:54,2026-07-20 23:21:54,Delayed,44,25,25,9
FL3583,Southwest,2026-08-09 19:23:54,2026-08-09 22:23:54,Delayed,59,35,5,3
FL3061,Southwest,2026-07-30 00:19:54,2026-07-30 06:19:54,Delayed,22,17,20,12
FL6868,United,2026-08-17 00:46:54,2026-08-17 04:46:54,Delayed,72,40,20,35
FL4109,JetBlue,2026-08-05 22:06:54,2026-08-06 01:06:54,On-time,0,41,20,17
FL3627,Delta,2026-07-24 09:12:54,2026-07-24 12:12:54,Delayed,61,11,25,23
FL4039,Delta,2026-08-16 12:07:54,2026-08-16 17:07:54,On-time,0,10,15,4
FL9830,Southwest,2026-08-04 23:27:54,2026-08-05 03:27:54,Delayed,45,30,10,18
FL2577,JetBlue,2026-07-22 13:46:54,2026-07-22 15:46:54,Delayed,65,6,5,12
FL7366,Southwest,2026-08-08 09:28:54,2026-08-08 14:28:54,Delayed,59,11,5,23
FL4419,Southwest,2026-08-02 19:35:54,2026-08-03 01:35:54,On-time,0,-2,15,35
FL7814,American,2026-07-21 15:36:54,2026-07-21 20:36:54,On-time,0,12,25,2
FL5979,Delta,2026-08-18 23:17:54,2026-08-19 00:17:54,Delayed,51,1,10,34
FL3931,JetBlue,2026-08-06 16:10:54,2026-08-06 22:10:54,Delayed,88,1,25,22
FL3733,United,2026-08-01 10:16:54,2026-08-01 13:16:54,On-time,0,37,10,34
FL8258,American,2026-08-06 03:04:54,2026-08-06 06:04:54,On-time,0,21,20,20
FL9939,United,2026-08-13 05:19:54,2026-08-13 11:19:54,Delayed,47,11,15,28
FL1567,American,2026-07-20 12:17:54,2026-07-20 14:17:54,On-time,0,14,5,19
FL4519,American,2026-08-12 17:36:54,2026-08-12 23:36:54,Delayed,91,12,25,32
FL2544,Delta,2026-07-31 06:53:54,2026-07-31 08:53:54,Delayed,47,11,15,15
FL2505,JetBlue,2026-08-07 05:42:54,2026-08-07 07:42:54,Delayed,75,41,5,20
FL2562,JetBlue,2026-07-29 12:46:54,2026-07-29 18:46:54,On-time,0,31,20,5
FL6478,American,2026-08-02 06:43:54,2026-08-02 07:43:54,On-time,0,9,25,0
FL7266,Delta,2026-08-05 01:46:54,2026-08-05 04:46:54,On-time,0,29,25,9
FL4617,United,2026-08-09 18:30:54,2026-08-09 22:30:54,Delayed,79,23,25,32
FL3425,United,2026-07-22 03:14:54,2026-07-22 08:14:54,Delayed,77,42,5,35
FL3136,United,2026-08-06 07:56:54,2026-08-06 11:56:54,On-time,0,20,25,12
FL9589,United,2026-07-22 00:01:54,2026-07-22 04:01:54,Delayed,38,15,25,5
FL7939,American,2026-07-26 04:04:54,2026-07-26 07:04:54,Delayed,69,33,5,19
FL3389,Southwest,2026-08-17 18:36:54,2026-08-17 20:36:54,On-time,0,7,15,9
FL2405,Delta,2026-07-21 15:59:54,2026-07-21 20:59:54,Delayed,53,4,15,0
FL5999,Southwest,2026-07-20 08:05:54,2026-07-20 10:05:54,Delayed,33,42,25,13
FL9991,Southwest,2026-08-12 11:53:54,2026-08-12 17:53:54,Delayed,91,39,5,24
FL3790,Delta,2026-07-26 02:34:54,2026-07-26 08:34:54,On-time,0,34,15,3
FL1136,Delta,2026-08-10 05:01:54,2026-08-10 11:01:54,Delayed,42,37,15,6
FL7332,United,2026-08-05 05:29:54,2026-08-05 06:29:54,Delayed,55,15,20,34
FL1352,Delta,2026-08-18 00:17:54,2026-08-18 03:17:54,On-time,0,16,20,25
FL1301,American,2026-07-31 14:06:54,2026-07-31 20:06:54,Delayed,82,14,10,32
FL1482,JetBlue,2026-07-27 00:53:54,2026-07-27 03:53:54,On-time,0,20,10,5
FL9531,JetBlue,2026-08-10 12:58:54,2026-08-10 16:58:54,Delayed,68,10,25,9
FL6395,Southwest,2026-07-24 09:57:54,2026-07-24 15:57:54,On-time,0,3,25,34
FL4314,United,2026-08-11 02:29:54,2026-08-11 07:29:54,On-time,0,3,20,9
FL3589,American,2026-08-05 19:18:54,2026-08-06 01:18:54,On-time,0,2,10,20
FL3384,Delta,2026-08-17 03:10:54,2026-08-17 07:10:54,Delayed,26,14,20,17
FL3155,United,2026-08-12 17:23:54,2026-08-12 22:23:54,Delayed,49,12,25,14
FL2302,Southwest,2026-08-04 21:38:54,2026-08-05 02:38:54,On-time,0,25,15,11
FL9051,Southwest,2026-07-24 20:56:54,2026-07-24 22:56:54,On-time,0,-3,20,0
FL7767,United,2026-08-10 15:56:54,2026-08-10 17:56:54,Delayed,89,-1,10,28
FL8005,Southwest,2026-08-07 18:31:54,2026-08-07 22:31:54,Delayed,72,41,15,25
FL9530,Delta,2026-08-03 07:36:54,2026-08-03 08:36:54,Delayed,49,10,25,34
FL7347,JetBlue,2026-08-19 12:47:54,2026-08-19 14:47:54,Delayed,97,13,20,25
FL3727,Southwest,2026-08-08 02:42:54,2026-08-08 03:42:54,On-time,0,39,25,9
FL8400,Delta,2026-08-05 15:51:54,2026-08-05 17:51:54,On-time,0,32,25,8
FL6299,Southwest,2026-07-24 17:13:54,2026-07-24 22:13:54,Delayed,70,40,10,29
FL2494,Delta,2026-08-03 15:24:54,2026-08-03 18:24:54,On-time,0,0,25,24
FL9383,JetBlue,2026-07-31 22:19:54,2026-08-01 02:19:54,Delayed,86,-3,10,21
FL3930,Delta,2026-07-29 06:03:54,2026-07-29 12:03:54,Delayed,19,23,15,11
FL4323,Delta,2026-08-13 12:00:54,2026-08-13 13:00:54,Delayed,69,24,20,31
FL4897,United,2026-08-10 11:14:54,2026-08-10 15:14:54,Delayed,42,21,20,5
FL9967,American,2026-08-09 12:19:54,2026-08-09 14:19:54,Delayed,49,-2,10,9
FL1531,JetBlue,2026-07-29 12:05:54,2026-07-29 13:05:54,On-time,0,-2,5,26
FL3643,American,2026-08-10 12:28:54,2026-08-10 18:28:54,Delayed,83,33,25,35
FL1587,Delta,2026-07-30 02:07:54,2026-07-30 06:07:54,Delayed,44,-1,20,35
FL2999,American,2026-08-05 03:10:54,2026-08-05 08:10:54,Delayed,58,8,10,3
FL9666,Delta,2026-08-12 08:28:54,2026-08-12 13:28:54,On-time,0,40,15,27
FL6185,American,2026-08-07 09:23:54,2026-08-07 12:23:54,Delayed,65,3,25,31
FL9069,United,2026-07-27 12:29:54,2026-07-27 15:29:54,Delayed,79,7,5,7
FL7793,Southwest,2026-07-29 18:06:54,2026-07-29 23:06:54,On-time,0,35,10,0
FL5614,American,2026-07-28 19:03:54,2026-07-29 00:03:54,Delayed,50,30,15,0
FL7488,JetBlue,2026-08-19 11:45:54,2026-08-19 13:45:54,Delayed,81,7,15,21
FL3224,Southwest,2026-08-08 21:13:54,2026-08-09 02:13:54,On-time,0,16,20,26
FL1917,JetBlue,2026-08-07 02:30:54,2026-08-07 08:30:54,Delayed,68,15,25,34
FL6793,Delta,2026-07-27 21:37:54,2026-07-27 22:37:54,On-time,0,16,20,34
FL7382,United,2026-07-23 12:39:54,2026-07-23 15:39:54,Delayed,52,40,15,2
FL4893,American,2026-08-15 07:03:54,2026-08-15 09:03:54,Delayed,45,28,15,11
FL1612,United,2026-08-02 19:16:54,2026-08-02 20:16:54,Delayed,79,25,25,9
FL9579,American,2026-07-24 03:33:54,2026-07-24 04:33:54,On-time,0,28,10,13
FL8526,Southwest,2026-08-16 15:17:54,2026-08-16 16:17:54,On-time,0,-5,15,2
FL2426,American,2026-08-17 06:46:54,2026-08-17 07:46:54,On-time,0,28,15,1
FL6114,United,2026-07-26 02:56:54,2026-07-26 05:56:54,On-time,0,12,25,20
FL2927,American,2026-07-24 21:01:54,2026-07-24 22:01:54,Delayed,74,-5,25,35
FL6218,American,2026-08-18 21:29:54,2026-08-19 00:29:54,Delayed,72,31,10,10
FL8268,Delta,2026-07-19 21:14:54,2026-07-20 03:14:54,Delayed,94,-2,5,24
FL6826,American,2026-08-15 02:56:54,2026-08-15 08:56:54,On-time,0,37,25,5
FL8629,JetBlue,2026-07-21 21:36:54,2026-07-22 03:36:54,Delayed,121,24,5,29
FL4666,United,2026-07-28 12:42:54,2026-07-28 15:42:54,Delayed,110,20,10,21
FL1495,Delta,2026-07-23 08:06:54,2026-07-23 12:06:54,On-time,0,24,10,18
FL3087,JetBlue,2026-07-31 20:36:54,2026-08-01 02:36:54,Delayed,98,1,15,35
FL7566,JetBlue,2026-07-27 06:23:54,2026-07-27 08:23:54,Delayed,71,30,10,30
FL8132,JetBlue,2026-08-06 03:28:54,2026-08-06 05:28:54,Delayed,98,6,5,31
FL2599,Southwest,2026-07-28 22:09:54,2026-07-28 23:09:54,Delayed,74,33,5,24
FL3276,JetBlue,2026-08-14 12:44:54,2026-08-14 14:44:54,Delayed,109,37,10,28
FL4205,United,2026-08-17 14:04:54,2026-08-17 17:04:54,Delayed,87,31,15,27
FL1133,JetBlue,2026-08-01 09:38:54,2026-08-01 11:38:54,On-time,0,13,5,23
FL1870,Delta,2026-08-06 15:36:54,2026-08-06 18:36:54,Delayed,65,2,15,1
FL7459,American,2026-08-01 15:09:54,2026-08-01 19:09:54,Delayed,55,22,25,13
FL7301,American,2026-07-24 06:02:54,2026-07-24 12:02:54,Delayed,27,3,10,0
FL8974,Southwest,2026-07-21 20:52:54,2026-07-22 02:52:54,On-time,0,21,20,27
FL8444,JetBlue,2026-08-06 06:36:54,2026-08-06 10:36:54,Delayed,54,19,15,14
FL9161,United,2026-08-05 15:01:54,2026-08-05 19:01:54,Delayed,79,29,25,23
FL7038,Delta,2026-08-04 11:28:54,2026-08-04 12:28:54,Delayed,52,4,25,17
FL2449,United,2026-08-09 08:31:54,2026-08-09 14:31:54,Delayed,70,37,5,34
FL9765,Delta,2026-08-03 08:16:54,2026-08-03 12:16:54,Delayed,59,31,15,26
FL5738,United,2026-08-10 18:43:54,2026-08-10 23:43:54,Delayed,74,42,15,16
FL1845,American,2026-08-08 15:45:54,2026-08-08 18:45:54,Delayed,88,26,5,8
FL3171,JetBlue,2026-07-28 01:38:54,2026-07-28 04:38:54,On-time,0,-5,5,11
FL3476,Southwest,2026-08-14 03:55:54,2026-08-14 06:55:54,Delayed,51,39,10,31
FL2382,United,2026-08-18 12:36:54,2026-08-18 14:36:54,Delayed,84,26,20,24
FL4454,JetBlue,2026-08-15 16:06:54,2026-08-15 17:06:54,Delayed,66,36,15,7
FL8802,American,2026-08-12 08:32:54,2026-08-12 13:32:54,Delayed,47,9,20,24
FL1194,American,2026-08-01 07:27:54,2026-08-01 10:27:54,On-time,0,28,5,6
FL6797,Southwest,2026-08-18 12:25:54,2026-08-18 15:25:54,On-time,0,16,15,17
FL5183,JetBlue,2026-08-03 05:33:54,2026-08-03 11:33:54,Delayed,58,42,10,12
FL6132,JetBlue,2026-08-09 16:44:54,2026-08-09 17:44:54,Delayed,75,-5,20,6
FL6759,United,2026-07-29 16:00:54,2026-07-29 18:00:54,Delayed,78,-3,5,5
FL2965,Delta,2026-07-24 12:08:54,2026-07-24 18:08:54,On-time,0,36,25,11
FL4018,American,2026-08-03 02:26:54,2026-08-03 03:26:54,On-time,0,35,20,17
FL6298,American,2026-08-12 21:48:54,2026-08-13 00:48:54,Delayed,57,-2,20,24
FL3915,Southwest,2026-08-03 19:43:54,2026-08-03 21:43:54,On-time,0,34,20,11
FL2776,United,2026-08-13 10:11:54,2026-08-13 12:11:54,Delayed,56,34,5,28
FL2153,JetBlue,2026-07-28 16:33:54,2026-07-28 20:33:54,Delayed,41,-4,20,9
FL7397,American,2026-08-10 21:05:54,2026-08-11 01:05:54,Delayed,122,31,5,32
FL7617,Delta,2026-07-27 09:44:54,2026-07-27 13:44:54,On-time,0,39,20,7
FL6880,American,2026-07-29 14:09:54,2026-07-29 15:09:54,Delayed,111,35,5,23
FL5750,United,2026-08-05 21:46:54,2026-08-06 01:46:54,Delayed,91,37,10,19
FL6886,Southwest,2026-08-16 19:24:54,2026-08-16 23:24:54,Delayed,46,42,10,8
FL9015,Southwest,2026-08-13 19:18:54,2026-08-14 01:18:54,On-time,0,14,20,34
FL8361,Delta,2026-07-29 17:47:54,2026-07-29 20:47:54,Delayed,113,41,5,25
FL4817,Delta,2026-08-11 17:53:54,2026-08-11 21:53:54,Delayed,81,36,5,30
FL1235,United,2026-07-21 13:41:54,2026-07-21 16:41:54,On-time,0,1,20,10
FL2047,Delta,2026-08-03 20:22:54,2026-08-04 01:22:54,Delayed,87,9,5,12
FL2979,JetBlue,2026-07-24 10:04:54,2026-07-24 12:04:54,Delayed,33,-3,25,11
FL5487,United,2026-07-25 06:28:54,2026-07-25 09:28:54,Delayed,62,30,10,28
FL2637,JetBlue,2026-08-13 04:54:54,2026-08-13 05:54:54,Delayed,76,26,5,0
FL5648,Southwest,2026-08-14 15:34:54,2026-08-14 19:34:54,Delayed,64,39,10,13
FL4919,United,2026-08-11 11:46:54,2026-08-11 16:46:54,Delayed,69,6,20,5
FL6699,Southwest,2026-08-05 16:59:54,2026-08-05 18:59:54,On-time,0,2,25,6
FL9842,JetBlue,2026-08-03 00:33:54,2026-08-03 06:33:54,Delayed,50,37,10,17
FL8772,Southwest,2026-07-24 22:26:54,2026-07-24 23:26:54,Delayed,47,-2,15,18
FL8424,Delta,2026-08-11 19:47:54,2026-08-12 00:47:54,Delayed,38,6,10,1
FL8287,JetBlue,2026-07-30 11:10:54,2026-07-30 13:10:54,Delayed,62,42,15,14
FL4884,Southwest,2026-07-31 23:41:54,2026-08-01 01:41:54,Delayed,37,-1,20,31
FL4541,JetBlue,2026-07-25 07:08:54,2026-07-25 10:08:54,On-time,0,3,20,12
FL5418,United,2026-07-24 02:46:54,2026-07-24 08:46:54,Delayed,89,31,5,17
FL7852,United,2026-07-27 03:40:54,2026-07-27 06:40:54,On-time,0,33,10,10
FL4763,Delta,2026-08-16 06:17:54,2026-08-16 10:17:54,On-time,0,8,25,30
FL5573,Delta,2026-08-02 16:31:54,2026-08-02 18:31:54,Delayed,85,10,15,27
FL1083,Southwest,2026-07-20 18:14:54,2026-07-21 00:14:54,Delayed,92,27,5,27
FL4940,Delta,2026-08-13 09:44:54,2026-08-13 15:44:54,Delayed,30,41,20,13
FL2486,Delta,2026-08-10 08:03:54,2026-08-10 10:03:54,On-time,0,40,20,1
FL8598,United,2026-08-01 14:55:54,2026-08-01 17:55:54,On-time,0,35,20,0
FL2158,Southwest,2026-07-30 15:17:54,2026-07-30 16:17:54,On-time,0,13,20,17
FL9887,JetBlue,2026-08-13 23:27:54,2026-08-14 00:27:54,On-time,0,34,15,3
FL6963,Delta,2026-07-31 20:07:54,2026-08-01 00:07:54,Delayed,95,34,5,23
FL3267,American,2026-08-05 23:51:54,2026-08-06 05:51:54,On-time,0,25,25,13
FL4693,American,2026-08-17 04:01:54,2026-08-17 09:01:54,Delayed,38,38,20,17
FL8412,Southwest,2026-08-05 09:37:54,2026-08-05 10:37:54,On-time,0,25,25,34
FL8405,JetBlue,2026-08-14 04:27:54,2026-08-14 10:27:54,Delayed,68,-1,10,29
FL2260,Delta,2026-07-27 21:51:54,2026-07-28 03:51:54,On-time,0,4,20,9
FL9530,Delta,2026-08-02 02:27:54,2026-08-02 07:27:54,On-time,0,3,20,22
FL1351,American,2026-07-21 22:45:54,2026-07-22 00:45:54,On-time,0,28,15,26
FL6346,Southwest,2026-08-10 11:28:54,2026-08-10 16:28:54,Delayed,48,30,20,29
FL5259,United,2026-07-31 08:02:54,2026-07-31 09:02:54,Delayed,39,4,15,18
FL3634,JetBlue,2026-07-25 01:55:54,2026-07-25 07:55:54,Delayed,41,39,10,10
FL3072,Southwest,2026-07-31 00:55:54,2026-07-31 02:55:54,On-time,0,30,5,20
FL3423,American,2026-08-06 06:54:54,2026-08-06 11:54:54,Delayed,54,14,5,1
FL8504,American,2026-07-19 21:31:54,2026-07-20 02:31:54,Delayed,67,27,15,18
FL3409,JetBlue,2026-08-18 16:43:54,2026-08-18 20:43:54,Delayed,98,16,5,30
FL1406,Southwest,2026-08-15 11:58:54,2026-08-15 15:58:54,Delayed,75,17,5,20
FL4206,Delta,2026-08-05 19:38:54,2026-08-05 23:38:54,Delayed,87,38,5,32
FL7513,United,2026-08-16 15:11:54,2026-08-16 18:11:54,Delayed,55,19,15,0
FL8300,JetBlue,2026-07-25 19:30:54,2026-07-25 23:30:54,Delayed,101,42,20,28
FL3286,JetBlue,2026-07-22 11:53:54,2026-07-22 13:53:54,On-time,0,14,20,33
FL2083,JetBlue,2026-07-22 04:44:54,2026-07-22 08:44:54,Delayed,58,35,15,26
FL4264,United,2026-07-29 05:19:54,2026-07-29 09:19:54,Delayed,56,-3,15,19
FL4678,Delta,2026-07-23 17:00:54,2026-07-23 20:00:54,On-time,0,35,20,7
FL5713,Southwest,2026-08-03 22:42:54,2026-08-04 04:42:54,Delayed,49,36,10,1
FL6927,JetBlue,2026-08-07 08:11:54,2026-08-07 11:11:54,Delayed,53,35,20,7
FL1287,American,2026-08-06 21:47:54,2026-08-06 23:47:54,Delayed,39,15,20,8
FL6917,Southwest,2026-08-18 13:06:54,2026-08-18 14:06:54,On-time,0,13,15,33
FL2258,JetBlue,2026-08-12 23:24:54,2026-08-13 01:24:54,On-time,0,1,25,10
FL6180,American,2026-08-10 01:28:54,2026-08-10 07:28:54,Delayed,75,18,5,34
FL3243,JetBlue,2026-07-31 02:33:54,2026-07-31 06:33:54,Delayed,34,21,15,10
FL9247,United,2026-08-13 23:41:54,2026-08-14 04:41:54,On-time,0,34,25,34
FL2867,Southwest,2026-08-18 06:48:54,2026-08-18 07:48:54,Delayed,72,3,5,30
FL8240,JetBlue,2026-08-13 09:05:54,2026-08-13 11:05:54,On-time,0,40,15,1
FL2943,United,2026-08-15 21:28:54,2026-08-15 23:28:54,Delayed,62,39,10,19
FL2830,Delta,2026-08-12 17:14:54,2026-08-12 21:14:54,Delayed,76,-3,10,6
FL1971,Southwest,2026-08-17 20:00:54,2026-08-17 21:00:54,On-time,0,-1,15,0
FL3028,JetBlue,2026-08-06 23:41:54,2026-08-07 01:41:54,Delayed,57,6,15,1
FL5544,JetBlue,2026-07-31 03:54:54,2026-07-31 08:54:54,Delayed,37,41,25,15
FL1229,JetBlue,2026-08-10 22:56:54,2026-08-11 01:56:54,On-time,0,5,25,0
FL2616,United,2026-08-16 09:29:54,2026-08-16 13:29:54,On-time,0,18,25,11
FL2758,United,2026-08-01 04:11:54,2026-08-01 06:11:54,Delayed,65,27,10,26
FL2807,JetBlue,2026-08-03 21:32:54,2026-08-04 00:32:54,Delayed,77,40,15,35
FL2895,Southwest,2026-08-03 02:22:54,2026-08-03 08:22:54,On-time,0,14,20,14
FL5761,Southwest,2026-08-15 22:48:54,2026-08-16 02:48:54,Delayed,31,38,15,11
FL9055,Delta,2026-08-03 05:17:54,2026-08-03 11:17:54,Delayed,45,38,5,7
FL3764,Delta,2026-07-26 04:05:54,2026-07-26 06:05:54,On-time,0,33,20,7
FL7958,Southwest,2026-08-13 01:29:54,2026-08-13 06:29:54,Delayed,53,32,15,25
FL8938,JetBlue,2026-07-24 01:33:54,2026-07-24 05:33:54,Delayed,61,1,5,16
FL2631,Delta,2026-08-03 19:27:54,2026-08-03 20:27:54,Delayed,68,6,20,20
FL2253,JetBlue,2026-08-14 08:13:54,2026-08-14 10:13:54,Delayed,67,13,20,31
FL9856,JetBlue,2026-08-18 17:32:54,2026-08-18 18:32:54,Delayed,132,22,5,24
FL1589,Delta,2026-08-05 22:26:54,2026-08-06 01:26:54,Delayed,71,40,10,31
FL9037,JetBlue,2026-08-06 14:20:54,2026-08-06 18:20:54,Delayed,60,25,25,10
FL9105,JetBlue,2026-08-08 05:27:54,2026-08-08 08:27:54,Delayed,31,13,15,3
FL3100,American,2026-08-14 04:31:54,2026-08-14 09:31:54,Delayed,52,-4,15,24
FL7749,American,2026-08-09 17:59:54,2026-08-09 19:59:54,On-time,0,10,15,5
FL2073,American,2026-07-29 19:54:54,2026-07-29 20:54:54,Delayed,70,29,15,2
FL9433,Southwest,2026-07-20 01:28:54,2026-07-20 05:28:54,Delayed,56,32,5,20
FL2601,Southwest,2026-08-10 20:27:54,2026-08-10 22:27:54,On-time,0,16,20,32
FL6563,United,2026-07-29 12:07:54,2026-07-29 16:07:54,On-time,0,7,20,4
FL9779,United,2026-07-28 01:47:54,2026-07-28 04:47:54,On-time,0,31,20,14
FL2506,JetBlue,2026-08-06 20:05:54,2026-08-06 23:05:54,Delayed,69,-1,25,33
FL5945,JetBlue,2026-08-02 02:26:54,2026-08-02 07:26:54,Delayed,86,15,10,26
FL9971,United,2026-08-08 17:29:54,2026-08-08 22:29:54,Delayed,97,6,25,31
FL9728,JetBlue,2026-08-18 06:20:54,2026-08-18 12:20:54,Delayed,80,35,5,33
FL3465,American,2026-08-02 06:04:54,2026-08-02 07:04:54,Delayed,59,35,10,26
FL5201,JetBlue,2026-07-31 23:59:54,2026-08-01 00:59:54,Delayed,65,4,10,1
FL8604,Southwest,2026-08-02 10:11:54,2026-08-02 16:11:54,Delayed,19,-3,10,10
FL5551,JetBlue,2026-08-08 22:38:54,2026-08-08 23:38:54,Delayed,70,41,20,1
FL6143,JetBlue,2026-08-16 01:48:54,2026-08-16 05:48:54,On-time,0,18,5,25
FL3302,United,2026-08-06 20:31:54,2026-08-07 01:31:54,Delayed,82,2,25,33
FL3003,American,2026-08-15 03:21:54,2026-08-15 09:21:54,Delayed,46,19,10,27
FL5498,Southwest,2026-07-28 06:39:54,2026-07-28 11:39:54,Delayed,53,-2,20,34
FL6185,JetBlue,2026-08-04 06:27:54,2026-08-04 08:27:54,Delayed,60,12,10,23
FL1570,Delta,2026-08-18 15:34:54,2026-08-18 21:34:54,Delayed,69,10,15,35
FL9763,United,2026-08-01 06:44:54,2026-08-01 10:44:54,On-time,0,11,15,5
FL4857,American,2026-08-15 23:40:54,2026-08-16 01:40:54,On-time,0,23,15,26
FL5489,Delta,2026-08-04 08:31:54,2026-08-04 12:31:54,On-time,0,16,20,6
FL5275,JetBlue,2026-07-30 19:10:54,2026-07-31 00:10:54,Delayed,51,41,25,20
FL4010,Southwest,2026-07-24 12:44:54,2026-07-24 16:44:54,On-time,0,7,15,20
FL2815,United,2026-08-05 00:29:54,2026-08-05 06:29:54,On-time,0,3,25,26
FL6233,Southwest,2026-08-16 08:31:54,2026-08-16 10:31:54,On-time,0,11,10,20
FL4254,Delta,2026-07-31 05:55:54,2026-07-31 09:55:54,Delayed,24,19,25,14
FL4747,Delta,2026-07-26 07:00:54,2026-07-26 13:00:54,Delayed,71,5,5,25
FL2459,American,2026-08-18 22:20:54,2026-08-18 23:20:54,Delayed,98,-5,25,27
FL2941,United,2026-07-26 14:56:54,2026-07-26 17:56:54,Delayed,84,13,20,24
FL5636,United,2026-07-25 06:10:54,2026-07-25 08:10:54,Delayed,45,-4,15,16
FL7056,JetBlue,2026-08-09 14:13:54,2026-08-09 15:13:54,On-time,0,-5,20,8
FL7513,United,2026-08-01 15:29:54,2026-08-01 19:29:54,Delayed,58,42,25,16
FL6453,United,2026-08-18 08:06:54,2026-08-18 13:06:54,Delayed,41,37,25,2
FL7241,American,2026-08-10 05:07:54,2026-08-10 07:07:54,Delayed,66,30,5,11
FL6557,Southwest,2026-07-21 21:04:54,2026-07-22 03:04:54,Delayed,31,28,20,9
FL3095,Southwest,2026-08-12 01:07:54,2026-08-12 05:07:54,On-time,0,13,15,16
FL8139,United,2026-08-12 03:15:54,2026-08-12 05:15:54,Delayed,26,30,20,3
FL4766,United,2026-08-03 18:00:54,2026-08-03 20:00:54,Delayed,89,40,20,27
FL8233,American,2026-08-06 15:15:54,2026-08-06 19:15:54,Delayed,62,26,5,9
FL3959,United,2026-08-05 16:36:54,2026-08-05 19:36:54,Delayed,60,31,25,13
FL3958,Southwest,2026-07-26 19:33:54,2026-07-26 23:33:54,Delayed,92,38,5,21
FL2737,American,2026-07-19 20:49:54,2026-07-20 00:49:54,Delayed,67,40,20,29
FL6397,Delta,2026-08-08 13:12:54,2026-08-08 16:12:54,Delayed,46,41,25,8
FL5635,American,2026-08-11 17:48:54,2026-08-11 22:48:54,Delayed,42,33,20,5
FL7535,Delta,2026-08-15 16:57:54,2026-08-15 18:57:54,On-time,0,19,20,18
FL3525,Delta,2026-08-04 02:35:54,2026-08-04 06:35:54,On-time,0,42,15,8
FL2574,American,2026-07-26 09:15:54,2026-07-26 13:15:54,On-time,0,19,20,17
FL7931,Delta,2026-08-14 06:07:54,2026-08-14 11:07:54,Delayed,51,6,20,27
FL8594,United,2026-08-10 13:29:54,2026-08-10 15:29:54,Delayed,74,26,25,33
FL8825,American,2026-07-23 21:27:54,2026-07-24 00:27:54,Delayed,60,10,25,27
FL1738,JetBlue,2026-08-04 20:11:54,2026-08-05 00:11:54,Delayed,69,1,20,16
FL1266,Delta,2026-08-10 16:13:54,2026-08-10 18:13:54,Delayed,62,6,20,2
FL6143,JetBlue,2026-08-03 16:32:54,2026-08-03 22:32:54,Delayed,80,23,25,16
FL4032,Delta,2026-08-08 16:00:54,2026-08-08 22:00:54,Delayed,50,1,20,34
FL3813,Southwest,2026-08-11 07:09:54,2026-08-11 13:09:54,Delayed,57,42,25,31
FL7471,American,2026-07-23 18:52:54,2026-07-23 19:52:54,Delayed,57,7,5,1
FL8882,United,2026-07-27 13:11:54,2026-07-27 19:11:54,Delayed,65,29,10,5
FL7912,Delta,2026-07-24 20:41:54,2026-07-24 22:41:54,Delayed,83,42,20,31
FL4298,American,2026-08-15 11:37:54,2026-08-15 15:37:54,Delayed,70,-2,15,0
FL7810,Southwest,2026-08-07 16:22:54,2026-08-07 22:22:54,On-time,0,30,15,2
FL8964,JetBlue,2026-08-12 11:23:54,2026-08-12 17:23:54,Delayed,81,26,10,3
FL2040,American,2026-08-02 13:40:54,2026-08-02 17:40:54,Delayed,58,2,20,22
FL5718,United,2026-07-31 08:12:54,2026-07-31 10:12:54,On-time,0,27,10,21
FL8675,United,2026-08-12 02:29:54,2026-08-12 06:29:54,On-time,0,21,15,30
FL3654,JetBlue,2026-07-28 23:28:54,2026-07-29 05:28:54,Delayed,35,0,20,8
FL9063,Delta,2026-08-19 06:15:54,2026-08-19 09:15:54,Delayed,43,10,10,35
FL6849,United,2026-08-14 22:39:54,2026-08-15 03:39:54,Delayed,96,-3,5,21
FL8968,American,2026-08-14 03:06:54,2026-08-14 04:06:54,On-time,0,30,15,9
FL9444,JetBlue,2026-07-23 14:29:54,2026-07-23 15:29:54,On-time,0,23,20,7
FL2669,JetBlue,2026-08-04 17:50:54,2026-08-04 19:50:54,Delayed,92,35,5,13
FL9165,Delta,2026-08-08 21:07:54,2026-08-09 00:07:54,Delayed,60,3,5,12
FL8760,American,2026-08-05 01:54:54,2026-08-05 02:54:54,Delayed,58,12,15,26
FL3483,JetBlue,2026-08-14 05:58:54,2026-08-14 07:58:54,On-time,0,22,20,26
FL9456,American,2026-08-02 16:53:54,2026-08-02 17:53:54,Delayed,52,40,25,4
FL3692,Southwest,2026-07-31 18:32:54,2026-07-31 19:32:54,On-time,0,37,10,3
FL9516,American,2026-08-01 06:40:54,2026-08-01 12:40:54,On-time,0,39,25,19
FL6139,American,2026-08-14 17:01:54,2026-08-14 22:01:54,Delayed,91,34,10,25
FL6656,Southwest,2026-08-16 23:03:54,2026-08-17 00:03:54,Delayed,47,-3,25,21
FL9527,JetBlue,2026-07-26 01:49:54,2026-07-26 06:49:54,Delayed,65,30,15,33
FL1383,Delta,2026-08-07 10:00:54,2026-08-07 12:00:54,Delayed,37,14,20,32
FL5255,JetBlue,2026-07-23 03:47:54,2026-07-23 09:47:54,On-time,0,2,20,19
FL1085,Southwest,2026-07-27 03:35:54,2026-07-27 09:35:54,On-time,0,32,25,34
FL4831,American,2026-07-29 02:26:54,2026-07-29 08:26:54,Delayed,53,31,10,24
FL9461,JetBlue,2026-08-14 23:33:54,2026-08-15 02:33:54,On-time,0,24,5,9
FL7751,Delta,2026-07-20 19:11:54,2026-07-20 21:11:54,Delayed,95,25,10,28
FL5320,JetBlue,2026-08-09 08:11:54,2026-08-09 12:11:54,On-time,0,39,20,26
FL3364,JetBlue,2026-08-03 21:29:54,2026-08-04 01:29:54,Delayed,85,3,25,33
FL1534,United,2026-07-31 10:42:54,2026-07-31 11:42:54,Delayed,43,33,20,7
FL5744,Delta,2026-07-24 08:51:54,2026-07-24 11:51:54,Delayed,21,14,15,19
FL3328,JetBlue,2026-07-21 06:43:54,2026-07-21 09:43:54,On-time,0,13,10,11
FL9008,Delta,2026-08-05 20:06:54,2026-08-05 21:06:54,Delayed,77,-3,20,30
FL7181,Southwest,2026-08-15 16:22:54,2026-08-15 18:22:54,On-time,0,3,25,29
FL8357,United,2026-07-30 15:49:54,2026-07-30 20:49:54,Delayed,95,37,25,26
FL9863,Delta,2026-08-17 14:12:54,2026-08-17 20:12:54,On-time,0,12,5,10
FL6060,JetBlue,2026-07-23 13:25:54,2026-07-23 18:25:54,Delayed,88,0,10,34
FL8796,JetBlue,2026-07-22 17:26:54,2026-07-22 22:26:54,Delayed,99,6,5,17
FL9741,JetBlue,2026-08-01 03:21:54,2026-08-01 04:21:54,Delayed,78,26,5,21
FL7258,American,2026-07-22 18:50:54,2026-07-22 23:50:54,Delayed,56,5,15,9
FL3526,American,2026-08-10 05:54:54,2026-08-10 06:54:54,Delayed,21,34,15,11
FL5882,Southwest,2026-07-29 19:53:54,2026-07-29 23:53:54,On-time,0,15,15,24
FL2981,Delta,2026-07-26 23:32:54,2026-07-27 04:32:54,Delayed,55,32,10,31
FL5412,Delta,2026-08-03 03:19:54,2026-08-03 07:19:54,On-time,0,-1,20,1
FL4829,Delta,2026-08-06 01:21:54,2026-08-06 07:21:54,On-time,0,1,10,35
FL3057,American,2026-08-02 11:12:54,2026-08-02 12:12:54,On-time,0,35,25,13
FL3332,American,2026-07-25 10:34:54,2026-07-25 12:34:54,Delayed,44,29,20,35
FL5739,United,2026-07-20 17:43:54,2026-07-20 21:43:54,On-time,0,12,25,16
FL7228,American,2026-07-26 13:21:54,2026-07-26 18:21:54,Delayed,74,13,5,10
FL2469,Southwest,2026-07-23 15:37:54,2026-07-23 17:37:54,On-time,0,41,25,17
FL4454,JetBlue,2026-08-19 09:35:54,2026-08-19 12:35:54,On-time,0,38,15,16
FL8417,American,2026-08-10 00:04:54,2026-08-10 03:04:54,Delayed,56,8,20,21
FL1033,JetBlue,2026-07-20 08:41:54,2026-07-20 09:41:54,Delayed,86,38,10,26
FL9816,Delta,2026-08-09 12:48:54,2026-08-09 17:48:54,Delayed,63,-4,20,7
FL6864,Southwest,2026-08-14 22:33:54,2026-08-15 04:33:54,Delayed,72,-5,5,29
FL1324,American,2026-08-18 14:29:54,2026-08-18 17:29:54,Delayed,81,7,5,19
FL1602,American,2026-08-17 08:29:54,2026-08-17 14:29:54,Delayed,61,33,10,0
FL7489,Delta,2026-08-07 01:16:54,2026-08-07 05:16:54,On-time,0,5,25,12
FL3875,Delta,2026-07-24 11:31:54,2026-07-24 12:31:54,On-time,0,3,15,14
FL5494,United,2026-07-20 14:28:54,2026-07-20 20:28:54,Delayed,82,29,25,16
FL7997,Delta,2026-08-02 03:38:54,2026-08-02 07:38:54,Delayed,59,12,5,33
FL1769,American,2026-08-06 06:12:54,2026-08-06 09:12:54,Delayed,48,-5,20,12
FL1415,United,2026-08-02 14:48:54,2026-08-02 16:48:54,Delayed,91,7,10,21
FL8863,Southwest,2026-08-06 17:35:54,2026-08-06 23:35:54,Delayed,42,16,15,15
FL6465,JetBlue,2026-08-18 23:48:54,2026-08-19 04:48:54,On-time,0,34,20,6
FL3045,Delta,2026-08-17 17:46:54,2026-08-17 21:46:54,Delayed,80,15,5,8
FL5939,JetBlue,2026-08-02 12:48:54,2026-08-02 13:48:54,Delayed,119,38,5,35
FL7735,United,2026-08-14 12:26:54,2026-08-14 17:26:54,Delayed,80,-5,20,24
FL6564,Delta,2026-08-05 07:05:54,2026-08-05 12:05:54,Delayed,54,7,5,6
FL4172,JetBlue,2026-08-08 21:16:54,2026-08-09 00:16:54,Delayed,76,17,20,30
FL3255,Delta,2026-07-23 18:03:54,2026-07-23 23:03:54,Delayed,84,22,25,22
FL3415,Southwest,2026-08-08 02:05:54,2026-08-08 05:05:54,Delayed,61,18,5,33
FL4889,JetBlue,2026-08-16 09:47:54,2026-08-16 13:47:54,On-time,0,17,10,12
FL4297,Delta,2026-07-26 03:26:54,2026-07-26 07:26:54,On-time,0,39,20,21
FL6499,JetBlue,2026-08-02 02:05:54,2026-08-02 04:05:54,On-time,0,1,20,2
FL1060,United,2026-07-27 15:13:54,2026-07-27 20:13:54,Delayed,102,8,10,30
FL7558,United,2026-07-30 16:44:54,2026-07-30 17:44:54,Delayed,100,17,5,35
FL1719,Delta,2026-07-25 23:02:54,2026-07-26 01:02:54,On-time,0,9,15,11
FL5029,United,2026-07-19 22:55:54,2026-07-20 01:55:54,Delayed,68,1,5,8
FL6544,United,2026-08-03 01:59:54,2026-08-03 04:59:54,On-time,0,18,10,33
FL8106,Delta,2026-07-23 20:40:54,2026-07-23 22:40:54,Delayed,83,7,10,34
FL5006,Delta,2026-08-07 11:56:54,2026-08-07 16:56:54,Delayed,69,13,10,20
FL9011,United,2026-07-22 16:34:54,2026-07-22 20:34:54,Delayed,67,37,25,4
FL9342,American,2026-08-05 08:13:54,2026-08-05 10:13:54,On-time,0,15,15,33
FL9106,Southwest,2026-08-07 01:09:54,2026-08-07 07:09:54,Delayed,51,32,5,13
FL7486,United,2026-08-02 02:40:54,2026-08-02 06:40:54,Delayed,46,31,10,23
FL5834,Southwest,2026-07-31 08:58:54,2026-07-31 13:58:54,On-time,0,-3,20,32
FL7981,Southwest,2026-08-02 07:10:54,2026-08-02 10:10:54,On-time,0,26,15,17
FL3942,Southwest,2026-07-28 00:25:54,2026-07-28 01:25:54,On-time,0,17,5,18
FL9401,JetBlue,2026-07-22 13:34:54,2026-07-22 16:34:54,Delayed,79,9,5,7
FL6468,United,2026-07-30 14:00:54,2026-07-30 17:00:54,Delayed,56,42,15,12
FL5278,Delta,2026-07-29 02:36:54,2026-07-29 05:36:54,On-time,0,20,20,0
FL9399,United,2026-07-27 04:58:54,2026-07-27 10:58:54,Delayed,80,42,10,30
FL8559,American,2026-07-29 19:38:54,2026-07-29 21:38:54,Delayed,79,22,20,13
FL7139,United,2026-08-16 10:52:54,2026-08-16 13:52:54,Delayed,114,42,5,31
FL7867,Southwest,2026-08-13 14:09:54,2026-08-13 20:09:54,On-time,0,29,15,20
FL1527,United,2026-08-18 21:05:54,2026-08-19 02:05:54,On-time,0,35,25,25
FL4345,Southwest,2026-08-05 19:08:54,2026-08-05 21:08:54,Delayed,90,25,5,21
FL3808,Delta,2026-08-06 13:55:54,2026-08-06 14:55:54,Delayed,55,39,25,31
FL5650,United,2026-07-29 00:26:54,2026-07-29 05:26:54,Delayed,25,-1,20,3
FL3815,American,2026-08-01 05:54:54,2026-08-01 06:54:54,Delayed,44,3,25,26
FL4382,United,2026-07-28 23:11:54,2026-07-29 05:11:54,On-time,0,37,20,10
FL6084,JetBlue,2026-08-04 23:29:54,2026-08-05 05:29:54,Delayed,34,24,15,12
FL8302,Delta,2026-08-08 05:35:54,2026-08-08 07:35:54,Delayed,44,28,15,31
FL2492,American,2026-08-17 13:42:54,2026-08-17 17:42:54,Delayed,83,17,15,25
FL5081,United,2026-08-12 12:11:54,2026-08-12 16:11:54,Delayed,74,19,10,6
FL3587,American,2026-08-06 13:02:54,2026-08-06 19:02:54,Delayed,98,-1,10,31
FL2253,Delta,2026-08-13 09:33:54,2026-08-13 12:33:54,Delayed,31,21,20,10
FL1731,Southwest,2026-07-21 17:24:54,2026-07-21 23:24:54,Delayed,60,38,20,24
FL1618,Delta,2026-07-23 01:29:54,2026-07-23 03:29:54,On-time,0,15,20,31
FL2352,JetBlue,2026-07-27 14:29:54,2026-07-27 18:29:54,Delayed,54,3,20,17
FL2646,United,2026-07-23 02:18:54,2026-07-23 08:18:54,On-time,0,20,10,4
FL1183,American,2026-08-02 21:06:54,2026-08-02 23:06:54,Delayed,93,8,5,34
FL6051,Southwest,2026-08-07 17:44:54,2026-08-07 18:44:54,Delayed,44,19,10,15
FL7908,Delta,2026-07-29 17:36:54,2026-07-29 19:36:54,On-time,0,38,5,14
FL2582,United,2026-07-25 15:46:54,2026-07-25 19:46:54,Delayed,91,27,5,20
FL7472,Southwest,2026-07-26 19:57:54,2026-07-26 20:57:54,Delayed,50,17,15,11
FL1196,Southwest,2026-08-02 22:58:54,2026-08-02 23:58:54,Delayed,54,37,15,23
FL7735,American,2026-08-04 11:50:54,2026-08-04 17:50:54,Delayed,52,29,25,10
FL6314,Southwest,2026-08-18 14:33:54,2026-08-18 20:33:54,On-time,0,3,15,11
FL6209,Southwest,2026-07-29 18:45:54,2026-07-29 23:45:54,Delayed,60,32,20,24
FL4811,Delta,2026-08-13 12:41:54,2026-08-13 13:41:54,On-time,0,14,10,27
FL2300,Delta,2026-07-30 21:15:54,2026-07-31 00:15:54,Delayed,71,7,10,24
FL6385,United,2026-07-30 01:25:54,2026-07-30 02:25:54,On-time,0,28,20,18
FL4752,American,2026-07-27 02:57:54,2026-07-27 07:57:54,On-time,0,-2,10,14
FL7250,JetBlue,2026-07-25 03:12:54,2026-07-25 09:12:54,Delayed,66,-5,5,31
FL4345,United,2026-07-24 19:21:54,2026-07-25 00:21:54,Delayed,96,8,10,32
FL4236,United,2026-07-25 06:22:54,2026-07-25 08:22:54,On-time,0,14,15,28
FL4299,American,2026-07-22 08:07:54,2026-07-22 12:07:54,Delayed,73,19,10,30
FL3553,Southwest,2026-08-12 17:08:54,2026-08-12 21:08:54,Delayed,66,0,15,34
FL7233,Southwest,2026-08-03 02:02:54,2026-08-03 06:02:54,Delayed,39,30,25,30
FL4206,United,2026-07-19 22:44:54,2026-07-20 03:44:54,Delayed,60,41,15,31
FL7113,Southwest,2026-07-29 08:25:54,2026-07-29 13:25:54,On-time,0,-1,20,2
FL3039,Southwest,2026-07-25 10:56:54,2026-07-25 14:56:54,On-time,0,11,15,32
FL7032,Delta,2026-08-01 13:43:54,2026-08-01 17:43:54,Delayed,90,42,10,15
FL1462,United,2026-08-08 01:13:54,2026-08-08 07:13:54,On-time,0,4,15,15
FL3644,Delta,2026-08-12 19:49:54,2026-08-13 01:49:54,On-time,0,40,20,25
FL2316,JetBlue,2026-08-16 23:11:54,2026-08-17 01:11:54,On-time,0,22,15,19
FL9735,Southwest,2026-07-29 11:30:54,2026-07-29 15:30:54,Delayed,74,41,5,6
FL5407,United,2026-08-01 16:28:54,2026-08-01 19:28:54,Delayed,86,-5,10,31
FL5724,Southwest,2026-07-24 22:07:54,2026-07-25 00:07:54,Delayed,51,40,10,12
FL4482,United,2026-07-20 23:31:54,2026-07-21 01:31:54,Delayed,67,7,15,26
FL3721,Delta,2026-07-22 02:08:54,2026-07-22 03:08:54,Delayed,77,12,5,21
FL2651,Delta,2026-07-27 18:32:54,2026-07-27 19:32:54,Delayed,41,37,25,2
FL7154,JetBlue,2026-08-19 09:32:54,2026-08-19 12:32:54,Delayed,61,26,20,21
FL6620,American,2026-08-19 00:07:54,2026-08-19 06:07:54,On-time,0,20,20,3
FL6410,Delta,2026-08-02 17:39:54,2026-08-02 23:39:54,On-time,0,20,10,1
FL9693,American,2026-08-13 15:36:54,2026-08-13 17:36:54,Delayed,67,18,20,30
FL6278,Delta,2026-07-31 13:39:54,2026-07-31 14:39:54,Delayed,64,42,15,28
FL6707,Southwest,2026-08-10 08:38:54,2026-08-10 14:38:54,On-time,0,1,20,18
FL3345,JetBlue,2026-08-14 11:38:54,2026-08-14 17:38:54,Delayed,80,27,5,8
FL3753,Southwest,2026-08-03 20:26:54,2026-08-04 01:26:54,Delayed,66,10,10,13
FL1478,United,2026-08-17 03:08:54,2026-08-17 06:08:54,On-time,0,9,15,30
FL3016,United,2026-08-09 10:30:54,2026-08-09 14:30:54,On-time,0,0,15,14
FL2059,American,2026-08-18 05:29:54,2026-08-18 11:29:54,On-time,0,42,20,35
FL8159,United,2026-07-27 23:51:54,2026-07-28 02:51:54,Delayed,64,0,5,5
FL2902,JetBlue,2026-07-24 04:38:54,2026-07-24 07:38:54,Delayed,48,19,25,0
FL9775,United,2026-08-02 05:04:54,2026-08-02 08:04:54,Delayed,64,38,10,33
FL7476,Delta,2026-08-16 10:13:54,2026-08-16 13:13:54,On-time,0,4,15,14
FL8467,United,2026-07-29 11:53:54,2026-07-29 17:53:54,Delayed,93,37,5,20
FL8836,United,2026-07-29 08:29:54,2026-07-29 12:29:54,On-time,0,-2,15,9
FL4450,United,2026-08-12 14:47:54,2026-08-12 16:47:54,On-time,0,26,20,19
FL3608,Delta,2026-08-01 10:05:54,2026-08-01 14:05:54,On-time,0,38,20,22
FL7407,Delta,2026-08-12 09:02:54,2026-08-12 12:02:54,Delayed,40,39,10,35
FL5981,Southwest,2026-07-25 13:20:54,2026-07-25 15:20:54,On-time,0,23,20,18
FL4436,United,2026-07-26 16:31:54,2026-07-26 22:31:54,Delayed,66,-5,15,6
FL7169,Southwest,2026-08-15 13:54:54,2026-08-15 14:54:54,Delayed,44,1,15,30
FL8107,United,2026-08-12 13:09:54,2026-08-12 15:09:54,Delayed,93,-3,5,15
FL7150,Delta,2026-08-16 07:36:54,2026-08-16 13:36:54,Delayed,31,19,15,28
FL2353,Delta,2026-08-09 08:26:54,2026-08-09 13:26:54,Delayed,71,9,5,30
FL7290,Southwest,2026-08-11 13:11:54,2026-08-11 16:11:54,Delayed,66,31,10,6
FL7640,Delta,2026-08-06 05:36:54,2026-08-06 10:36:54,On-time,0,28,20,4
FL9830,Delta,2026-08-18 23:26:54,2026-08-19 00:26:54,Delayed,29,6,25,11
FL6149,Delta,2026-07-23 18:20:54,2026-07-23 20:20:54,Delayed,59,36,10,5
FL3043,JetBlue,2026-07-31 02:18:54,2026-07-31 04:18:54,Delayed,94,22,5,15
FL9750,Southwest,2026-08-06 21:15:54,2026-08-07 03:15:54,On-time,0,15,25,22
FL9365,United,2026-07-23 15:26:54,2026-07-23 16:26:54,Delayed,87,10,5,12
FL4539,JetBlue,2026-07-28 03:52:54,2026-07-28 09:52:54,On-time,0,34,20,4
FL5270,Southwest,2026-08-17 12:54:54,2026-08-17 16:54:54,Delayed,80,24,5,16
FL5413,United,2026-07-31 15:20:54,2026-07-31 21:20:54,Delayed,49,36,25,10
FL8104,Southwest,2026-08-18 17:22:54,2026-08-18 19:22:54,On-time,0,-1,15,7
FL9984,Southwest,2026-07-29 19:24:54,2026-07-29 20:24:54,Delayed,59,18,15,17
FL1161,Delta,2026-07-27 05:08:54,2026-07-27 06:08:54,On-time,0,2,10,33
FL6022,JetBlue,2026-07-23 08:17:54,2026-07-23 11:17:54,Delayed,54,39,25,18
FL1785,United,2026-08-19 03:32:54,2026-08-19 07:32:54,On-time,0,6,15,34
FL7597,Southwest,2026-07-24 11:00:54,2026-07-24 12:00:54,On-time,0,38,25,9
FL3337,Southwest,2026-08-12 11:01:54,2026-08-12 12:01:54,On-time,0,41,15,15
FL7852,Southwest,2026-08-02 22:06:54,2026-08-03 02:06:54,On-time,0,27,15,17
FL9529,United,2026-08-09 02:38:54,2026-08-09 03:38:54,On-time,0,14,20,20
FL2302,Delta,2026-07-27 15:49:54,2026-07-27 17:49:54,On-time,0,31,5,5
FL9074,Delta,2026-08-10 06:16:54,2026-08-10 12:16:54,On-time,0,3,20,31
FL9722,Delta,2026-07-20 05:23:54,2026-07-20 07:23:54,Delayed,81,42,5,27
FL9652,JetBlue,2026-08-07 18:12:54,2026-08-07 20:12:54,Delayed,64,38,25,14
FL6788,Delta,2026-08-04 06:08:54,2026-08-04 08:08:54,On-time,0,18,5,21
FL5092,JetBlue,2026-07-28 20:03:54,2026-07-29 00:03:54,Delayed,86,13,15,13
FL4562,American,2026-08-05 13:36:54,2026-08-05 14:36:54,Delayed,73,24,25,31
FL6382,American,2026-07-23 03:44:54,2026-07-23 06:44:54,Delayed,59,41,10,25
FL4236,Delta,2026-08-05 09:41:54,2026-08-05 11:41:54,Delayed,79,21,5,31
FL8711,Southwest,2026-07-29 04:07:54,2026-07-29 08:07:54,Delayed,34,6,25,17
FL8198,United,2026-07-30 21:31:54,2026-07-31 01:31:54,Delayed,45,-5,15,12
FL3190,Southwest,2026-08-12 06:05:54,2026-08-12 07:05:54,On-time,0,5,10,30
FL5354,Delta,2026-08-04 06:19:54,2026-08-04 10:19:54,On-time,0,38,10,20
FL7551,JetBlue,2026-08-18 16:31:54,2026-08-18 20:31:54,Delayed,74,3,5,6
FL9192,Delta,2026-07-27 13:47:54,2026-07-27 19:47:54,Delayed,43,16,20,0
FL8961,Delta,2026-07-27 06:23:54,2026-07-27 08:23:54,Delayed,39,41,25,11
FL2884,American,2026-07-27 15:26:54,2026-07-27 19:26:54,On-time,0,7,20,6
FL9230,JetBlue,2026-07-25 22:38:54,2026-07-26 03:38:54,Delayed,68,35,10,14
FL3395,Southwest,2026-08-07 16:56:54,2026-08-07 17:56:54,Delayed,79,-2,20,26
FL4633,American,2026-08-04 05:47:54,2026-08-04 10:47:54,Delayed,61,22,5,19
FL7849,United,2026-08-17 02:47:54,2026-08-17 04:47:54,Delayed,56,-3,5,3
FL5674,Southwest,2026-08-18 01:22:54,2026-08-18 02:22:54,On-time,0,22,10,16
FL6956,American,2026-07-23 01:50:54,2026-07-23 07:50:54,Delayed,43,-5,25,8
FL6920,JetBlue,2026-08-08 09:07:54,2026-08-08 11:07:54,Delayed,37,36,15,13
FL3137,JetBlue,2026-07-20 20:21:54,2026-07-21 02:21:54,Delayed,93,7,10,28
FL5939,Southwest,2026-08-05 23:30:54,2026-08-06 01:30:54,On-time,0,-3,10,12
